[NX v23.1.1 Daemon Client] - 2026-08-01T08:19:16.333Z - [Client] Starting new daemon server in background
[NX v23.1.1 Daemon Client] - 2026-08-01T08:19:16.346Z - [Client] Waiting for server (max: 6000 attempts, 10ms interval)
DEBUG nx::native::watch::watcher: watching started origin=/Users/jaybell/WebstormProjects/jaybell.me
[NX v23.1.1 Daemon Server] - 2026-08-01T08:19:16.656Z - [WATCHER]: Subscribed to changes within: /Users/jaybell/WebstormProjects/jaybell.me (native)
[NX v23.1.1 Daemon Server] - 2026-08-01T08:19:16.657Z - New daemon starting from: /Users/jaybell/WebstormProjects/jaybell.me/node_modules/.pnpm/nx@23.1.1/node_modules/nx/dist/src/daemon/server/server.js
[NX v23.1.1 Daemon Server] - 2026-08-01T08:19:16.657Z - New daemon __dirname: /Users/jaybell/WebstormProjects/jaybell.me/node_modules/.pnpm/nx@23.1.1/node_modules/nx/dist/src/daemon/server
[NX v23.1.1 Daemon Server] - 2026-08-01T08:19:16.657Z - New daemon nxVersion: 23.1.1
[NX v23.1.1 Daemon Server] - 2026-08-01T08:19:16.658Z - New daemon getInstalledNxVersion(): 23.1.1
[NX v23.1.1 Daemon Server] - 2026-08-01T08:19:16.664Z - Time taken for 'workspace context init' 0.15300000000002ms
[NX v23.1.1 Daemon Server] - 2026-08-01T08:19:16.667Z - [Server] Starting outdated check interval (20ms)
[NX v23.1.1 Daemon Server] - 2026-08-01T08:19:16.669Z - Started listening on: /private/tmp/faeacf8de90b8c8217c1/d.sock
DEBUG nx::native::watch::watcher: watching started origin=/Users/jaybell/WebstormProjects/jaybell.me
[NX v23.1.1 Daemon Client] - 2026-08-01T08:19:16.672Z - [Client] Server available
[NX v23.1.1 Daemon Client] - 2026-08-01T08:19:16.673Z - [Client] Daemon server started, pid=20052
[NX v23.1.1 Daemon Client] - 2026-08-01T08:19:16.673Z - [Messenger] Setting up socket listeners
[NX v23.1.1 Daemon Client] - 2026-08-01T08:19:16.673Z - [Messenger] listen() complete
[NX v23.1.1 Daemon Server] - 2026-08-01T08:19:16.674Z - [LATEST-NX]: Pulling latest Nx...
[NX v23.1.1 Daemon Client] - 2026-08-01T08:19:16.681Z - [Messenger] Sending message type: REQUEST_PROJECT_GRAPH
[NX v23.1.1 Daemon Client] - 2026-08-01T08:19:16.682Z - [Messenger] Message sent
[NX v23.1.1 Daemon Server] - 2026-08-01T08:19:16.682Z - [AI-AGENTS]: Starting agent configuration status computation
[isolated-plugin] spawned worker for "/Users/jaybell/WebstormProjects/jaybell.me/node_modules/.pnpm/nx@23.1.1/node_modules/nx/dist/src/plugins/js" (pid: 20059, socket: /private/tmp/plugin20052-0-308.623708.sock)
[isolated-plugin] spawned worker for "/Users/jaybell/WebstormProjects/jaybell.me/node_modules/.pnpm/nx@23.1.1/node_modules/nx/dist/src/plugins/package-json" (pid: 20060, socket: /private/tmp/plugin20052-1-312.451542.sock)
[isolated-plugin] spawned worker for "/Users/jaybell/WebstormProjects/jaybell.me/node_modules/.pnpm/nx@23.1.1/node_modules/nx/dist/src/plugins/project-json/build-nodes/project-json" (pid: 20062, socket: /private/tmp/plugin20052-2-316.712375.sock)
[NX v23.1.1 Daemon Server] - 2026-08-01T08:19:16.693Z - Time taken for 'hash changed files from watcher' 0.0112079999999537ms
[NX v23.1.1 Daemon Server] - 2026-08-01T08:19:16.693Z - Time taken for 'loadSpecifiedNxPlugins' 18.975707999999997ms
[NX v23.1.1 Daemon Server] - 2026-08-01T08:19:16.694Z - Established a connection. Number of open connections: 1
[NX v23.1.1 Daemon Server] - 2026-08-01T08:19:16.694Z - Established a connection. Number of open connections: 2
[NX v23.1.1 Daemon Server] - 2026-08-01T08:19:16.695Z - Closed a connection. Number of open connections: 1
[NX v23.1.1 Daemon Server] - 2026-08-01T08:19:16.695Z - Received raw message of length 3607
[NX v23.1.1 Daemon Server] - 2026-08-01T08:19:16.695Z - Received json message of type REQUEST_PROJECT_GRAPH
[NX v23.1.1 Daemon Server] - 2026-08-01T08:19:16.695Z - [REQUEST]: Client Request for Project Graph Received
DEBUG nx::native::watch::watcher: force-flush END count=0 replies=1 elapsed=56.806084ms
[NX v23.1.1 Daemon Server] - 2026-08-01T08:19:16.758Z - Reusing in-memory cached project graph because no files changed.
[plugin-worker] "/Users/jaybell/WebstormProjects/jaybell.me/node_modules/.pnpm/nx@23.1.1/node_modules/nx/dist/src/plugins/js" (pid: 20059) listening on /private/tmp/plugin20052-0-308.623708.sock
[isolated-plugin] connected to worker for "/Users/jaybell/WebstormProjects/jaybell.me/node_modules/.pnpm/nx@23.1.1/node_modules/nx/dist/src/plugins/js" (pid: 20059)
[NX v23.1.1 Daemon Server] - 2026-08-01T08:19:17.068Z - Time taken for 'start-plugin-worker:/Users/jaybell/WebstormProjects/jaybell.me/node_modules/.pnpm/nx@23.1.1/node_modules/nx/dist/src/plugins/js' 386.12404100000003ms
Time taken for 'plugin worker 20059 code loading' 295.26324999999997ms
[plugin-worker] "/Users/jaybell/WebstormProjects/jaybell.me/node_modules/.pnpm/nx@23.1.1/node_modules/nx/dist/src/plugins/js" (pid: 20059) connected
[plugin-worker] "/Users/jaybell/WebstormProjects/jaybell.me/node_modules/.pnpm/nx@23.1.1/node_modules/nx/dist/src/plugins/package-json" (pid: 20060) listening on /private/tmp/plugin20052-1-312.451542.sock
Time taken for 'plugin worker 20060 code loading' 266.82125ms
[plugin-worker] "/Users/jaybell/WebstormProjects/jaybell.me/node_modules/.pnpm/nx@23.1.1/node_modules/nx/dist/src/plugins/js" (pid: 20059) loaded successfully
[isolated-plugin] connected to worker for "/Users/jaybell/WebstormProjects/jaybell.me/node_modules/.pnpm/nx@23.1.1/node_modules/nx/dist/src/plugins/package-json" (pid: 20060)
[NX v23.1.1 Daemon Server] - 2026-08-01T08:19:17.083Z - Time taken for 'Load Nx Plugin: /Users/jaybell/WebstormProjects/jaybell.me/node_modules/.pnpm/nx@23.1.1/node_modules/nx/dist/src/plugins/js' 409.58529200000004ms
[NX v23.1.1 Daemon Server] - 2026-08-01T08:19:17.083Z - Time taken for 'start-plugin-worker:/Users/jaybell/WebstormProjects/jaybell.me/node_modules/.pnpm/nx@23.1.1/node_modules/nx/dist/src/plugins/package-json' 397.198625ms
[plugin-worker] "/Users/jaybell/WebstormProjects/jaybell.me/node_modules/.pnpm/nx@23.1.1/node_modules/nx/dist/src/plugins/package-json" (pid: 20060) connected
[plugin-worker] "/Users/jaybell/WebstormProjects/jaybell.me/node_modules/.pnpm/nx@23.1.1/node_modules/nx/dist/src/plugins/project-json/build-nodes/project-json" (pid: 20062) listening on /private/tmp/plugin20052-2-316.712375.sock
Time taken for 'plugin worker 20062 code loading' 269.094959ms
[isolated-plugin] connected to worker for "/Users/jaybell/WebstormProjects/jaybell.me/node_modules/.pnpm/nx@23.1.1/node_modules/nx/dist/src/plugins/project-json/build-nodes/project-json" (pid: 20062)
[NX v23.1.1 Daemon Server] - 2026-08-01T08:19:17.099Z - Time taken for 'start-plugin-worker:/Users/jaybell/WebstormProjects/jaybell.me/node_modules/.pnpm/nx@23.1.1/node_modules/nx/dist/src/plugins/project-json/build-nodes/project-json' 409.108041ms
[plugin-worker] "/Users/jaybell/WebstormProjects/jaybell.me/node_modules/.pnpm/nx@23.1.1/node_modules/nx/dist/src/plugins/project-json/build-nodes/project-json" (pid: 20062) connected
[plugin-worker] "/Users/jaybell/WebstormProjects/jaybell.me/node_modules/.pnpm/nx@23.1.1/node_modules/nx/dist/src/plugins/project-json/build-nodes/project-json" (pid: 20062) loaded successfully
[NX v23.1.1 Daemon Server] - 2026-08-01T08:19:17.101Z - Time taken for 'Load Nx Plugin: /Users/jaybell/WebstormProjects/jaybell.me/node_modules/.pnpm/nx@23.1.1/node_modules/nx/dist/src/plugins/project-json/build-nodes/project-json' 427.38041699999997ms
[plugin-worker] "/Users/jaybell/WebstormProjects/jaybell.me/node_modules/.pnpm/nx@23.1.1/node_modules/nx/dist/src/plugins/package-json" (pid: 20060) loaded successfully
[NX v23.1.1 Daemon Server] - 2026-08-01T08:19:17.103Z - [REQUEST]: Updated workspace context based on watched changes, recomputing project graph...
[NX v23.1.1 Daemon Server] - 2026-08-01T08:19:17.103Z - [REQUEST]: 
[NX v23.1.1 Daemon Server] - 2026-08-01T08:19:17.103Z - [REQUEST]: 
[NX v23.1.1 Daemon Server] - 2026-08-01T08:19:17.114Z - Streaming message to client: progress update for topic graph-construction
[NX v23.1.1 Daemon Client] - 2026-08-01T08:19:17.114Z - [Messenger] Received message, length: 47
[NX v23.1.1 Daemon Server] - 2026-08-01T08:19:17.115Z - Time taken for 'loadDefaultNxPlugins' 429.59112500000003ms
[NX v23.1.1 Daemon Server] - 2026-08-01T08:19:17.115Z - Time taken for 'Load Nx Plugin: /Users/jaybell/WebstormProjects/jaybell.me/node_modules/.pnpm/nx@23.1.1/node_modules/nx/dist/src/plugins/package-json' 429.0112500000001ms
[isolated-plugin] shutting down worker for "nx/core/project-json" after createNodes
[NX v23.1.1 Daemon Server] - 2026-08-01T08:19:17.116Z - Streaming message to client: progress update for topic graph-construction
[NX v23.1.1 Daemon Client] - 2026-08-01T08:19:17.116Z - [Messenger] Received message, length: 153
Time taken for 'nx/js/dependencies-and-lockfile:createNodes' 39.183875ms
[NX v23.1.1 Daemon Server] - 2026-08-01T08:19:17.157Z - Streaming message to client: progress update for topic graph-construction
[NX v23.1.1 Daemon Client] - 2026-08-01T08:19:17.157Z - [Messenger] Received message, length: 101
[isolated-plugin] shutting down worker for "nx/core/package-json" after createNodes
[NX v23.1.1 Daemon Server] - 2026-08-01T08:19:18.350Z - Streaming message to client: progress update for topic graph-construction
[NX v23.1.1 Daemon Client] - 2026-08-01T08:19:18.350Z - [Messenger] Received message, length: 47
[NX v23.1.1 Daemon Server] - 2026-08-01T08:19:18.360Z - Streaming message to client: progress update for topic graph-construction
[NX v23.1.1 Daemon Client] - 2026-08-01T08:19:18.360Z - [Messenger] Received message, length: 47
[NX v23.1.1 Daemon Server] - 2026-08-01T08:19:18.360Z - Time taken for 'build-project-configs' 1239.7018750000002ms
[NX v23.1.1 Daemon Server] - 2026-08-01T08:19:18.360Z - Time taken for 'createNodes:merge' 3.4153329999999187ms
[NX v23.1.1 Daemon Server] - 2026-08-01T08:19:18.360Z - Time taken for 'native-file-deps' 0.0016250000001036824ms
[NX v23.1.1 Daemon Server] - 2026-08-01T08:19:18.360Z - Time taken for 'get-workspace-files' 2.2819999999999254ms
[NX v23.1.1 Daemon Server] - 2026-08-01T08:19:18.360Z - Time taken for 'read cache' 0.08608299999991686ms
Time taken for 'build typescript dependencies' 11.881583000000091ms
[isolated-plugin] shutting down worker for "nx/js/dependencies-and-lockfile" after createDependencies
[NX v23.1.1 Daemon Server] - 2026-08-01T08:19:18.379Z - Streaming message to client: progress update for topic graph-construction
[NX v23.1.1 Daemon Client] - 2026-08-01T08:19:18.379Z - [Messenger] Received message, length: 47
[NX v23.1.1 Daemon Server] - 2026-08-01T08:19:18.382Z - [SYNC]: collect registered sync generators
[NX v23.1.1 Daemon Server] - 2026-08-01T08:19:18.385Z - Wrote project graph cache to /Users/jaybell/WebstormProjects/jaybell.me/.nx/workspace-data/project-graph.json
[NX v23.1.1 Daemon Server] - 2026-08-01T08:19:18.385Z - Serializing response for REQUEST_PROJECT_GRAPH message in json mode
[NX v23.1.1 Daemon Server] - 2026-08-01T08:19:18.386Z - Responding to REQUEST_PROJECT_GRAPH message
[NX v23.1.1 Daemon Server] - 2026-08-01T08:19:18.386Z - [REQUEST]: Responding to the client. project-graph
[NX v23.1.1 Daemon Server] - 2026-08-01T08:19:18.386Z - Time taken for 'total for creating and serializing project graph' 1690.346417ms
[NX v23.1.1 Daemon Server] - 2026-08-01T08:19:18.386Z - Time taken for 'total execution time for createProjectGraph()' 24.849540999999817ms
[NX v23.1.1 Daemon Server] - 2026-08-01T08:19:18.386Z - Time taken for 'createDependencies' 20.88975000000005ms
[NX v23.1.1 Daemon Server] - 2026-08-01T08:19:18.386Z - Time taken for 'nx/js/dependencies-and-lockfile:createDependencies' 20.631208000000015ms
[NX v23.1.1 Daemon Server] - 2026-08-01T08:19:18.386Z - Time taken for 'createMetadata' 0.010708000000022366ms
[NX v23.1.1 Daemon Server] - 2026-08-01T08:19:18.386Z - Time taken for 'serialize graph' 0.6223329999997986ms
[NX v23.1.1 Daemon Server] - 2026-08-01T08:19:18.386Z - Time taken for 'write cache' 3.1042919999999867ms
[NX v23.1.1 Daemon Server] - 2026-08-01T08:19:18.393Z - Done responding to the client project-graph
[NX v23.1.1 Daemon Server] - 2026-08-01T08:19:18.393Z - Handled json message REQUEST_PROJECT_GRAPH. Handling time: 1690. Response time: 8.
[NX v23.1.1 Daemon Client] - 2026-08-01T08:19:18.393Z - [Messenger] Received message, length: 283837
[NX v23.1.1 Daemon Client] - 2026-08-01T08:19:18.400Z - [Messenger] Sending message type: PRE_TASKS_EXECUTION
[NX v23.1.1 Daemon Client] - 2026-08-01T08:19:18.400Z - [Messenger] Message sent
[NX v23.1.1 Daemon Server] - 2026-08-01T08:19:18.400Z - Received raw message of length 714
[NX v23.1.1 Daemon Server] - 2026-08-01T08:19:18.400Z - Received json message of type PRE_TASKS_EXECUTION
[NX v23.1.1 Daemon Server] - 2026-08-01T08:19:18.401Z - Serializing response for PRE_TASKS_EXECUTION message in json mode
[NX v23.1.1 Daemon Server] - 2026-08-01T08:19:18.401Z - Responding to PRE_TASKS_EXECUTION message
[NX v23.1.1 Daemon Server] - 2026-08-01T08:19:18.401Z - [REQUEST]: Responding to the client. handleRunPreTasksExecution
[NX v23.1.1 Daemon Server] - 2026-08-01T08:19:18.401Z - Done responding to the client handleRunPreTasksExecution
[NX v23.1.1 Daemon Server] - 2026-08-01T08:19:18.401Z - Handled json message PRE_TASKS_EXECUTION. Handling time: 1. Response time: 0.
[NX v23.1.1 Daemon Server] - 2026-08-01T08:19:18.401Z - Time taken for 'preTasksExecution' 0.5611249999999472ms
[NX v23.1.1 Daemon Client] - 2026-08-01T08:19:18.401Z - [Messenger] Received message, length: 2
Fetching nx...
[NX v23.1.1 Daemon Client] - 2026-08-01T08:19:19.187Z - [Messenger] Sending message type: HASH_TASKS
[NX v23.1.1 Daemon Client] - 2026-08-01T08:19:19.187Z - [Messenger] Message sent
[NX v23.1.1 Daemon Server] - 2026-08-01T08:19:19.932Z - Received raw message of length 9378
[NX v23.1.1 Daemon Server] - 2026-08-01T08:19:19.932Z - Received json message of type HASH_TASKS
DEBUG nx::native::watch::watcher: force-flush END count=0 replies=1 elapsed=55.301375ms
[NX v23.1.1 Daemon Server] - 2026-08-01T08:19:19.987Z - Reusing in-memory cached project graph because no files changed.
DEBUG nx::native::tasks::hash_planner: get_plans_internal COMPLETED in 1.507166ms - processed 2 tasks (setup: 386.083µs, parallel_planning: 1.118667ms, pool: 692 unique instructions)
DEBUG nx::native::tasks::hashers::hash_workspace_files: Hashing workspace fileset: Adding "8378380144708759986" (".gitignore") to hash
DEBUG nx::native::tasks::hashers::hash_workspace_files: Hashing workspace fileset: Adding "16829365538347415742" ("nx.json") to hash
DEBUG nx::native::tasks::hashers::hash_workspace_files: Hashing workspace fileset: Hash Value: "14619392654151709619"
DEBUG nx::native::tasks::task_hasher: hash_plans COMPLETED in 4.236ms - processed 2 plans (setup: 125.75µs, hashing: 4.108666ms, assembly: 448.458µs)
[NX v23.1.1 Daemon Server] - 2026-08-01T08:19:19.996Z - Serializing response for HASH_TASKS message in json mode
[NX v23.1.1 Daemon Server] - 2026-08-01T08:19:19.996Z - Responding to HASH_TASKS message
[NX v23.1.1 Daemon Server] - 2026-08-01T08:19:19.996Z - [REQUEST]: Responding to the client. handleHashTasks
[NX v23.1.1 Daemon Server] - 2026-08-01T08:19:19.997Z - Done responding to the client handleHashTasks
[NX v23.1.1 Daemon Client] - 2026-08-01T08:19:19.997Z - [Messenger] Received message, length: 32801
[NX v23.1.1 Daemon Server] - 2026-08-01T08:19:19.997Z - Handled json message HASH_TASKS. Handling time: 64. Response time: 1.
[NX v23.1.1 Daemon Client] - 2026-08-01T08:19:20.068Z - [Messenger] Sending message type: GET_ESTIMATED_TASK_TIMINGS
[NX v23.1.1 Daemon Client] - 2026-08-01T08:19:20.069Z - [Messenger] Message sent
[NX v23.1.1 Daemon Server] - 2026-08-01T08:19:20.069Z - Received raw message of length 129
[NX v23.1.1 Daemon Server] - 2026-08-01T08:19:20.069Z - Received json message of type GET_ESTIMATED_TASK_TIMINGS
[NX v23.1.1 Daemon Server] - 2026-08-01T08:19:20.071Z - Serializing response for GET_ESTIMATED_TASK_TIMINGS message in json mode
[NX v23.1.1 Daemon Server] - 2026-08-01T08:19:20.071Z - Responding to GET_ESTIMATED_TASK_TIMINGS message
[NX v23.1.1 Daemon Server] - 2026-08-01T08:19:20.071Z - [REQUEST]: Responding to the client. handleGetEstimatedTaskTimings
[NX v23.1.1 Daemon Server] - 2026-08-01T08:19:20.071Z - Done responding to the client handleGetEstimatedTaskTimings
[NX v23.1.1 Daemon Server] - 2026-08-01T08:19:20.071Z - Handled json message GET_ESTIMATED_TASK_TIMINGS. Handling time: 1. Response time: 1.
[NX v23.1.1 Daemon Client] - 2026-08-01T08:19:20.071Z - [Messenger] Received message, length: 2
[NX v23.1.1 Daemon Server] - 2026-08-01T08:19:21.491Z - [LATEST-NX]: Successfully pulled latest Nx to /private/tmp/tmp-20052-zID1IZt5RRgN
[NX v23.1.1 Daemon Server] - 2026-08-01T08:19:21.492Z - [NX-CONSOLE]: Using local implementation (NX_USE_LOCAL=true or inner call)
DEBUG nx::native::ide::install: Detected editor: Unknown
[NX v23.1.1 Daemon Server] - 2026-08-01T08:19:21.497Z - [NX-CONSOLE]: Console status check completed, shouldPrompt: false
DEBUG nx::native::ide::install: Editor command 'code' not found
DEBUG nx::native::ide::install: Editor command 'code-insiders' not found
DEBUG nx::native::ide::install: Editor command 'cursor' not found
DEBUG nx::native::ide::install: Checking if Nx Console extension is installed with: cursor --list-extensions
DEBUG nx::native::ide::install: Command 'cursor' not found, cannot check extension status
[NX v23.1.1 Daemon Client] - 2026-08-01T08:19:21.522Z - [Messenger] Sending message type: RECORD_OUTPUTS_HASH_BATCH
[NX v23.1.1 Daemon Client] - 2026-08-01T08:19:21.522Z - [Messenger] Message sent
[NX v23.1.1 Daemon Server] - 2026-08-01T08:19:21.522Z - [AI-AGENTS]: Agent configuration status computation completed: 0 fully configured, 0 outdated, 2 partially configured, 2 non-configured
[NX v23.1.1 Daemon Server] - 2026-08-01T08:19:21.522Z - Received raw message of length 94
[NX v23.1.1 Daemon Server] - 2026-08-01T08:19:21.522Z - Received json message of type RECORD_OUTPUTS_HASH_BATCH
[NX v23.1.1 Daemon Server] - 2026-08-01T08:19:21.526Z - Serializing response for RECORD_OUTPUTS_HASH_BATCH message in json mode
[NX v23.1.1 Daemon Server] - 2026-08-01T08:19:21.526Z - Responding to RECORD_OUTPUTS_HASH_BATCH message
[NX v23.1.1 Daemon Server] - 2026-08-01T08:19:21.526Z - [REQUEST]: Responding to the client. recordOutputsHashBatch
[NX v23.1.1 Daemon Server] - 2026-08-01T08:19:21.526Z - Done responding to the client recordOutputsHashBatch
[NX v23.1.1 Daemon Server] - 2026-08-01T08:19:21.526Z - Handled json message RECORD_OUTPUTS_HASH_BATCH. Handling time: 4. Response time: 0.
[NX v23.1.1 Daemon Client] - 2026-08-01T08:19:21.526Z - [Messenger] Received message, length: 2
DEBUG nx::native::watch::watcher: idle-window emitting events count=1
DEBUG nx::native::watch::watcher:   [create] gen/main.css
[NX v23.1.1 Daemon Server] - 2026-08-01T08:19:21.634Z - [WATCHER]: Processing file changes in outputs
[NX v23.1.1 Daemon Client] - 2026-08-01T08:19:23.360Z - [Messenger] Sending message type: RECORD_OUTPUTS_HASH_BATCH
[NX v23.1.1 Daemon Client] - 2026-08-01T08:19:23.361Z - [Messenger] Message sent
[NX v23.1.1 Daemon Server] - 2026-08-01T08:19:23.361Z - Received raw message of length 127
[NX v23.1.1 Daemon Server] - 2026-08-01T08:19:23.361Z - Received json message of type RECORD_OUTPUTS_HASH_BATCH
[NX v23.1.1 Daemon Server] - 2026-08-01T08:19:23.361Z - Serializing response for RECORD_OUTPUTS_HASH_BATCH message in json mode
[NX v23.1.1 Daemon Server] - 2026-08-01T08:19:23.361Z - Responding to RECORD_OUTPUTS_HASH_BATCH message
[NX v23.1.1 Daemon Server] - 2026-08-01T08:19:23.361Z - [REQUEST]: Responding to the client. recordOutputsHashBatch
[NX v23.1.1 Daemon Server] - 2026-08-01T08:19:23.361Z - Done responding to the client recordOutputsHashBatch
[NX v23.1.1 Daemon Server] - 2026-08-01T08:19:23.361Z - Handled json message RECORD_OUTPUTS_HASH_BATCH. Handling time: 0. Response time: 0.
[NX v23.1.1 Daemon Client] - 2026-08-01T08:19:23.361Z - [Messenger] Received message, length: 2
[NX v23.1.1 Daemon Client] - 2026-08-01T08:19:23.363Z - [Messenger] Sending message type: RECORD_TASK_RUNS
[NX v23.1.1 Daemon Client] - 2026-08-01T08:19:23.363Z - [Messenger] Message sent
[NX v23.1.1 Daemon Server] - 2026-08-01T08:19:23.363Z - Received raw message of length 375
[NX v23.1.1 Daemon Server] - 2026-08-01T08:19:23.363Z - Received json message of type RECORD_TASK_RUNS
[NX v23.1.1 Daemon Server] - 2026-08-01T08:19:23.364Z - Serializing response for RECORD_TASK_RUNS message in json mode
[NX v23.1.1 Daemon Server] - 2026-08-01T08:19:23.364Z - Responding to RECORD_TASK_RUNS message
[NX v23.1.1 Daemon Server] - 2026-08-01T08:19:23.364Z - [REQUEST]: Responding to the client. handleRecordTaskRuns
[NX v23.1.1 Daemon Server] - 2026-08-01T08:19:23.364Z - Done responding to the client handleRecordTaskRuns
[NX v23.1.1 Daemon Server] - 2026-08-01T08:19:23.364Z - Handled json message RECORD_TASK_RUNS. Handling time: 1. Response time: 0.
[NX v23.1.1 Daemon Client] - 2026-08-01T08:19:23.364Z - [Messenger] Received message, length: 4
[NX v23.1.1 Daemon Client] - 2026-08-01T08:19:23.365Z - [Messenger] Sending message type: GET_FLAKY_TASKS
[NX v23.1.1 Daemon Server] - 2026-08-01T08:19:23.365Z - Received raw message of length 59
[NX v23.1.1 Daemon Client] - 2026-08-01T08:19:23.365Z - [Messenger] Message sent
[NX v23.1.1 Daemon Server] - 2026-08-01T08:19:23.365Z - Received json message of type GET_FLAKY_TASKS
[NX v23.1.1 Daemon Server] - 2026-08-01T08:19:23.366Z - Serializing response for GET_FLAKY_TASKS message in json mode
[NX v23.1.1 Daemon Server] - 2026-08-01T08:19:23.366Z - Responding to GET_FLAKY_TASKS message
[NX v23.1.1 Daemon Server] - 2026-08-01T08:19:23.366Z - [REQUEST]: Responding to the client. handleGetFlakyTasks
[NX v23.1.1 Daemon Server] - 2026-08-01T08:19:23.366Z - Done responding to the client handleGetFlakyTasks
[NX v23.1.1 Daemon Server] - 2026-08-01T08:19:23.366Z - Handled json message GET_FLAKY_TASKS. Handling time: 1. Response time: 0.
[NX v23.1.1 Daemon Client] - 2026-08-01T08:19:23.366Z - [Messenger] Received message, length: 2
[NX v23.1.1 Daemon Client] - 2026-08-01T08:19:23.367Z - [Messenger] Sending message type: GET_CONFIGURE_AI_AGENTS_STATUS
[NX v23.1.1 Daemon Server] - 2026-08-01T08:19:23.367Z - Established a connection. Number of open connections: 2
[NX v23.1.1 Daemon Client] - 2026-08-01T08:19:23.367Z - [Messenger] Message sent
[NX v23.1.1 Daemon Server] - 2026-08-01T08:19:23.367Z - Received raw message of length 41
[NX v23.1.1 Daemon Server] - 2026-08-01T08:19:23.367Z - Received json message of type GET_CONFIGURE_AI_AGENTS_STATUS
[NX v23.1.1 Daemon Server] - 2026-08-01T08:19:23.367Z - [AI-AGENTS]: Returning cached agent configuration status
[NX v23.1.1 Daemon Server] - 2026-08-01T08:19:23.367Z - Serializing response for GET_CONFIGURE_AI_AGENTS_STATUS message in json mode
[NX v23.1.1 Daemon Server] - 2026-08-01T08:19:23.367Z - Responding to GET_CONFIGURE_AI_AGENTS_STATUS message
[NX v23.1.1 Daemon Server] - 2026-08-01T08:19:23.367Z - [REQUEST]: Responding to the client. handleGetConfigureAiAgentsStatus
[NX v23.1.1 Daemon Server] - 2026-08-01T08:19:23.367Z - Done responding to the client handleGetConfigureAiAgentsStatus
[NX v23.1.1 Daemon Server] - 2026-08-01T08:19:23.367Z - Handled json message GET_CONFIGURE_AI_AGENTS_STATUS. Handling time: 0. Response time: 0.
[NX v23.1.1 Daemon Server] - 2026-08-01T08:19:23.367Z - Closed a connection. Number of open connections: 1
[NX v23.1.1 Daemon Client] - 2026-08-01T08:19:23.367Z - [Messenger] Received message, length: 280
[NX v23.1.1 Daemon Client] - 2026-08-01T08:19:23.369Z - [Messenger] Sending message type: POST_TASKS_EXECUTION
[NX v23.1.1 Daemon Client] - 2026-08-01T08:19:23.369Z - [Messenger] Message sent
[NX v23.1.1 Daemon Server] - 2026-08-01T08:19:23.369Z - Received raw message of length 35434
[NX v23.1.1 Daemon Server] - 2026-08-01T08:19:23.370Z - Received json message of type POST_TASKS_EXECUTION
[NX v23.1.1 Daemon Server] - 2026-08-01T08:19:23.370Z - Serializing response for POST_TASKS_EXECUTION message in json mode
[NX v23.1.1 Daemon Server] - 2026-08-01T08:19:23.370Z - Responding to POST_TASKS_EXECUTION message
[NX v23.1.1 Daemon Server] - 2026-08-01T08:19:23.370Z - [REQUEST]: Responding to the client. handleRunPostTasksExecution
[NX v23.1.1 Daemon Server] - 2026-08-01T08:19:23.370Z - Done responding to the client handleRunPostTasksExecution
[NX v23.1.1 Daemon Server] - 2026-08-01T08:19:23.370Z - Handled json message POST_TASKS_EXECUTION. Handling time: 0. Response time: 0.
[NX v23.1.1 Daemon Server] - 2026-08-01T08:19:23.370Z - Time taken for 'postTasksExecution' 0.11708400000043184ms
[NX v23.1.1 Daemon Client] - 2026-08-01T08:19:23.370Z - [Messenger] Received message, length: 4
[NX v23.1.1 Daemon Server] - 2026-08-01T08:19:23.375Z - Closed a connection. Number of open connections: 0
DEBUG nx::native::watch::watcher: idle-window emitting events count=24
DEBUG nx::native::watch::watcher:   [create] _site/podcast/index.html
DEBUG nx::native::watch::watcher:   [create] _site/feed.xml
DEBUG nx::native::watch::watcher:   [create] _site/assets/images/favicon.ico
DEBUG nx::native::watch::watcher:   [create] _site/assets/chat-mtg.png
DEBUG nx::native::watch::watcher:   [create] _site/about/index.html
DEBUG nx::native::watch::watcher:   [create] _site/assets/linkedin.svg
DEBUG nx::native::watch::watcher:   [create] _site/blog/index.html
DEBUG nx::native::watch::watcher:   [create] _site/css/main.css
DEBUG nx::native::watch::watcher:   [create] _site/CNAME
DEBUG nx::native::watch::watcher:   [create] _site/index.html
DEBUG nx::native::watch::watcher:   [create] _site/assets/this-is-tech-talks.png
DEBUG nx::native::watch::watcher:   [create] _site/robots.txt
DEBUG nx::native::watch::watcher:   [create] _site/assets/youtube.svg
DEBUG nx::native::watch::watcher:   [create] _site/links/index.html
DEBUG nx::native::watch::watcher:   [create] _site/assets/github.svg
DEBUG nx::native::watch::watcher:   [create] _site/assets/images/apple-touch-icon.png
DEBUG nx::native::watch::watcher:   [create] _site/404.html
DEBUG nx::native::watch::watcher:   [create] _site/assets/powered_by_analog.webp
DEBUG nx::native::watch::watcher:   [create] _site/assets/twitter.svg
DEBUG nx::native::watch::watcher:   [create] _site/assets/logo_reg.svg
DEBUG nx::native::watch::watcher:   [create] _site/assets/css/prism.css
DEBUG nx::native::watch::watcher:   [create] _site/favicon.ico
DEBUG nx::native::watch::watcher:   [create] _site/assets/analog.svg
DEBUG nx::native::watch::watcher:   [create] _site/assets/the-angular-plus-show.png
[NX v23.1.1 Daemon Server] - 2026-08-01T08:19:23.447Z - [WATCHER]: Processing file changes in outputs
[NX v23.1.1 Daemon Server] - 2026-08-01T08:19:29.170Z - Established a connection. Number of open connections: 1
[NX v23.1.1 Daemon Server] - 2026-08-01T08:19:29.171Z - Closed a connection. Number of open connections: 0
[NX v23.1.1 Daemon Server] - 2026-08-01T08:19:29.171Z - Established a connection. Number of open connections: 1
[NX v23.1.1 Daemon Server] - 2026-08-01T08:19:29.171Z - Closed a connection. Number of open connections: 0
[NX v23.1.1 Daemon Server] - 2026-08-01T08:19:29.172Z - Established a connection. Number of open connections: 1
[NX v23.1.1 Daemon Client] - 2026-08-01T08:19:29.172Z - [Messenger] Setting up socket listeners
[NX v23.1.1 Daemon Client] - 2026-08-01T08:19:29.172Z - [Messenger] listen() complete
[NX v23.1.1 Daemon Client] - 2026-08-01T08:19:29.178Z - [Messenger] Sending message type: GET_NX_CONSOLE_STATUS
[NX v23.1.1 Daemon Client] - 2026-08-01T08:19:29.178Z - [Messenger] Message sent
[NX v23.1.1 Daemon Server] - 2026-08-01T08:19:29.179Z - Received raw message of length 3607
[NX v23.1.1 Daemon Server] - 2026-08-01T08:19:29.179Z - Received json message of type GET_NX_CONSOLE_STATUS
[NX v23.1.1 Daemon Server] - 2026-08-01T08:19:29.180Z - Serializing response for GET_NX_CONSOLE_STATUS message in json mode
[NX v23.1.1 Daemon Server] - 2026-08-01T08:19:29.180Z - Responding to GET_NX_CONSOLE_STATUS message
[NX v23.1.1 Daemon Server] - 2026-08-01T08:19:29.180Z - [REQUEST]: Responding to the client. handleGetNxConsoleStatus
[NX v23.1.1 Daemon Server] - 2026-08-01T08:19:29.180Z - Done responding to the client handleGetNxConsoleStatus
[NX v23.1.1 Daemon Server] - 2026-08-01T08:19:29.180Z - Handled json message GET_NX_CONSOLE_STATUS. Handling time: 1. Response time: 0.
[NX v23.1.1 Daemon Client] - 2026-08-01T08:19:29.180Z - [Messenger] Received message, length: 22
[NX v23.1.1 Daemon Client] - 2026-08-01T08:19:29.199Z - [Messenger] Sending message type: REQUEST_PROJECT_GRAPH
[NX v23.1.1 Daemon Client] - 2026-08-01T08:19:29.199Z - [Messenger] Message sent
[NX v23.1.1 Daemon Server] - 2026-08-01T08:19:29.199Z - Received raw message of length 32
[NX v23.1.1 Daemon Server] - 2026-08-01T08:19:29.199Z - Received json message of type REQUEST_PROJECT_GRAPH
[NX v23.1.1 Daemon Server] - 2026-08-01T08:19:29.199Z - [REQUEST]: Client Request for Project Graph Received
DEBUG nx::native::watch::watcher: force-flush END count=0 replies=1 elapsed=65.619667ms
[NX v23.1.1 Daemon Server] - 2026-08-01T08:19:29.265Z - Reusing in-memory cached project graph because no files changed.
[NX v23.1.1 Daemon Server] - 2026-08-01T08:19:29.265Z - Serializing response for REQUEST_PROJECT_GRAPH message in json mode
[NX v23.1.1 Daemon Server] - 2026-08-01T08:19:29.265Z - Responding to REQUEST_PROJECT_GRAPH message
[NX v23.1.1 Daemon Server] - 2026-08-01T08:19:29.265Z - [REQUEST]: Responding to the client. project-graph
[NX v23.1.1 Daemon Server] - 2026-08-01T08:19:29.266Z - Time taken for 'total for creating and serializing project graph' 65.929666ms
[NX v23.1.1 Daemon Server] - 2026-08-01T08:19:29.266Z - Done responding to the client project-graph
[NX v23.1.1 Daemon Server] - 2026-08-01T08:19:29.266Z - Handled json message REQUEST_PROJECT_GRAPH. Handling time: 66. Response time: 1.
[NX v23.1.1 Daemon Client] - 2026-08-01T08:19:29.266Z - [Messenger] Received message, length: 283837
[NX v23.1.1 Daemon Client] - 2026-08-01T08:19:29.268Z - [Messenger] Sending message type: PRE_TASKS_EXECUTION
[NX v23.1.1 Daemon Client] - 2026-08-01T08:19:29.268Z - [Messenger] Message sent
[NX v23.1.1 Daemon Server] - 2026-08-01T08:19:29.268Z - Received raw message of length 714
[NX v23.1.1 Daemon Server] - 2026-08-01T08:19:29.268Z - Received json message of type PRE_TASKS_EXECUTION
[NX v23.1.1 Daemon Server] - 2026-08-01T08:19:29.268Z - Serializing response for PRE_TASKS_EXECUTION message in json mode
[NX v23.1.1 Daemon Server] - 2026-08-01T08:19:29.268Z - Responding to PRE_TASKS_EXECUTION message
[NX v23.1.1 Daemon Server] - 2026-08-01T08:19:29.268Z - [REQUEST]: Responding to the client. handleRunPreTasksExecution
[NX v23.1.1 Daemon Server] - 2026-08-01T08:19:29.268Z - Done responding to the client handleRunPreTasksExecution
[NX v23.1.1 Daemon Server] - 2026-08-01T08:19:29.268Z - Handled json message PRE_TASKS_EXECUTION. Handling time: 0. Response time: 0.
[NX v23.1.1 Daemon Client] - 2026-08-01T08:19:29.268Z - [Messenger] Received message, length: 2
[NX v23.1.1 Daemon Server] - 2026-08-01T08:19:29.268Z - Time taken for 'preTasksExecution' 0.06099999999969441ms
[NX v23.1.1 Daemon Client] - 2026-08-01T08:19:29.483Z - [Messenger] Sending message type: HASH_TASKS
[NX v23.1.1 Daemon Client] - 2026-08-01T08:19:29.483Z - [Messenger] Message sent
[NX v23.1.1 Daemon Server] - 2026-08-01T08:19:29.483Z - Received raw message of length 9378
[NX v23.1.1 Daemon Server] - 2026-08-01T08:19:29.483Z - Received json message of type HASH_TASKS
DEBUG nx::native::watch::watcher: force-flush END count=0 replies=1 elapsed=64.753417ms
[NX v23.1.1 Daemon Server] - 2026-08-01T08:19:29.548Z - Reusing in-memory cached project graph because no files changed.
DEBUG nx::native::tasks::hash_planner: get_plans_internal COMPLETED in 174.875µs - processed 2 tasks (setup: 2.25µs, parallel_planning: 171.625µs, pool: 692 unique instructions)
DEBUG nx::native::tasks::task_hasher: hash_plans COMPLETED in 1.191167ms - processed 2 plans (setup: 103.458µs, hashing: 1.087ms, assembly: 450.542µs)
[NX v23.1.1 Daemon Server] - 2026-08-01T08:19:29.550Z - Serializing response for HASH_TASKS message in json mode
[NX v23.1.1 Daemon Server] - 2026-08-01T08:19:29.550Z - Responding to HASH_TASKS message
[NX v23.1.1 Daemon Server] - 2026-08-01T08:19:29.550Z - [REQUEST]: Responding to the client. handleHashTasks
[NX v23.1.1 Daemon Server] - 2026-08-01T08:19:29.550Z - Done responding to the client handleHashTasks
[NX v23.1.1 Daemon Server] - 2026-08-01T08:19:29.550Z - Handled json message HASH_TASKS. Handling time: 67. Response time: 0.
[NX v23.1.1 Daemon Client] - 2026-08-01T08:19:29.550Z - [Messenger] Received message, length: 32801
[NX v23.1.1 Daemon Client] - 2026-08-01T08:19:29.583Z - [Messenger] Sending message type: GET_ESTIMATED_TASK_TIMINGS
[NX v23.1.1 Daemon Client] - 2026-08-01T08:19:29.583Z - [Messenger] Message sent
[NX v23.1.1 Daemon Server] - 2026-08-01T08:19:29.583Z - Received raw message of length 129
[NX v23.1.1 Daemon Server] - 2026-08-01T08:19:29.583Z - Received json message of type GET_ESTIMATED_TASK_TIMINGS
[NX v23.1.1 Daemon Server] - 2026-08-01T08:19:29.583Z - Serializing response for GET_ESTIMATED_TASK_TIMINGS message in json mode
[NX v23.1.1 Daemon Server] - 2026-08-01T08:19:29.583Z - Responding to GET_ESTIMATED_TASK_TIMINGS message
[NX v23.1.1 Daemon Server] - 2026-08-01T08:19:29.583Z - [REQUEST]: Responding to the client. handleGetEstimatedTaskTimings
[NX v23.1.1 Daemon Server] - 2026-08-01T08:19:29.584Z - Done responding to the client handleGetEstimatedTaskTimings
[NX v23.1.1 Daemon Server] - 2026-08-01T08:19:29.584Z - Handled json message GET_ESTIMATED_TASK_TIMINGS. Handling time: 0. Response time: 1.
[NX v23.1.1 Daemon Client] - 2026-08-01T08:19:29.584Z - [Messenger] Received message, length: 45
[NX v23.1.1 Daemon Client] - 2026-08-01T08:19:29.585Z - [Messenger] Sending message type: OUTPUTS_HASHES_MATCH_BATCH
[NX v23.1.1 Daemon Client] - 2026-08-01T08:19:29.585Z - [Messenger] Message sent
[NX v23.1.1 Daemon Server] - 2026-08-01T08:19:29.585Z - Received raw message of length 95
[NX v23.1.1 Daemon Server] - 2026-08-01T08:19:29.585Z - Received json message of type OUTPUTS_HASHES_MATCH_BATCH
[NX v23.1.1 Daemon Server] - 2026-08-01T08:19:29.588Z - Serializing response for OUTPUTS_HASHES_MATCH_BATCH message in json mode
[NX v23.1.1 Daemon Server] - 2026-08-01T08:19:29.588Z - Responding to OUTPUTS_HASHES_MATCH_BATCH message
[NX v23.1.1 Daemon Server] - 2026-08-01T08:19:29.588Z - [REQUEST]: Responding to the client. outputsHashesMatchBatch
[NX v23.1.1 Daemon Server] - 2026-08-01T08:19:29.588Z - Done responding to the client outputsHashesMatchBatch
[NX v23.1.1 Daemon Server] - 2026-08-01T08:19:29.588Z - Handled json message OUTPUTS_HASHES_MATCH_BATCH. Handling time: 3. Response time: 0.
[NX v23.1.1 Daemon Client] - 2026-08-01T08:19:29.588Z - [Messenger] Received message, length: 6
[NX v23.1.1 Daemon Client] - 2026-08-01T08:19:30.439Z - [Messenger] Sending message type: RECORD_OUTPUTS_HASH_BATCH
[NX v23.1.1 Daemon Client] - 2026-08-01T08:19:30.439Z - [Messenger] Message sent
[NX v23.1.1 Daemon Server] - 2026-08-01T08:19:30.439Z - Received raw message of length 127
[NX v23.1.1 Daemon Server] - 2026-08-01T08:19:30.439Z - Received json message of type RECORD_OUTPUTS_HASH_BATCH
[NX v23.1.1 Daemon Server] - 2026-08-01T08:19:30.439Z - Serializing response for RECORD_OUTPUTS_HASH_BATCH message in json mode
[NX v23.1.1 Daemon Server] - 2026-08-01T08:19:30.439Z - Responding to RECORD_OUTPUTS_HASH_BATCH message
[NX v23.1.1 Daemon Server] - 2026-08-01T08:19:30.439Z - [REQUEST]: Responding to the client. recordOutputsHashBatch
[NX v23.1.1 Daemon Server] - 2026-08-01T08:19:30.440Z - Done responding to the client recordOutputsHashBatch
[NX v23.1.1 Daemon Server] - 2026-08-01T08:19:30.440Z - Handled json message RECORD_OUTPUTS_HASH_BATCH. Handling time: 0. Response time: 1.
[NX v23.1.1 Daemon Client] - 2026-08-01T08:19:30.440Z - [Messenger] Received message, length: 2
[NX v23.1.1 Daemon Client] - 2026-08-01T08:19:30.440Z - [Messenger] Sending message type: RECORD_TASK_RUNS
[NX v23.1.1 Daemon Client] - 2026-08-01T08:19:30.440Z - [Messenger] Message sent
[NX v23.1.1 Daemon Server] - 2026-08-01T08:19:30.440Z - Received raw message of length 393
[NX v23.1.1 Daemon Server] - 2026-08-01T08:19:30.440Z - Received json message of type RECORD_TASK_RUNS
[NX v23.1.1 Daemon Server] - 2026-08-01T08:19:30.441Z - Serializing response for RECORD_TASK_RUNS message in json mode
[NX v23.1.1 Daemon Server] - 2026-08-01T08:19:30.441Z - Responding to RECORD_TASK_RUNS message
[NX v23.1.1 Daemon Server] - 2026-08-01T08:19:30.441Z - [REQUEST]: Responding to the client. handleRecordTaskRuns
[NX v23.1.1 Daemon Server] - 2026-08-01T08:19:30.441Z - Done responding to the client handleRecordTaskRuns
[NX v23.1.1 Daemon Server] - 2026-08-01T08:19:30.441Z - Handled json message RECORD_TASK_RUNS. Handling time: 1. Response time: 0.
[NX v23.1.1 Daemon Client] - 2026-08-01T08:19:30.441Z - [Messenger] Received message, length: 4
[NX v23.1.1 Daemon Client] - 2026-08-01T08:19:30.441Z - [Messenger] Sending message type: GET_FLAKY_TASKS
[NX v23.1.1 Daemon Client] - 2026-08-01T08:19:30.441Z - [Messenger] Message sent
[NX v23.1.1 Daemon Server] - 2026-08-01T08:19:30.441Z - Received raw message of length 59
[NX v23.1.1 Daemon Server] - 2026-08-01T08:19:30.441Z - Received json message of type GET_FLAKY_TASKS
[NX v23.1.1 Daemon Server] - 2026-08-01T08:19:30.441Z - Serializing response for GET_FLAKY_TASKS message in json mode
[NX v23.1.1 Daemon Server] - 2026-08-01T08:19:30.441Z - Responding to GET_FLAKY_TASKS message
[NX v23.1.1 Daemon Server] - 2026-08-01T08:19:30.441Z - [REQUEST]: Responding to the client. handleGetFlakyTasks
[NX v23.1.1 Daemon Server] - 2026-08-01T08:19:30.441Z - Done responding to the client handleGetFlakyTasks
[NX v23.1.1 Daemon Server] - 2026-08-01T08:19:30.441Z - Handled json message GET_FLAKY_TASKS. Handling time: 0. Response time: 0.
[NX v23.1.1 Daemon Client] - 2026-08-01T08:19:30.441Z - [Messenger] Received message, length: 2
[NX v23.1.1 Daemon Server] - 2026-08-01T08:19:30.441Z - Established a connection. Number of open connections: 2
[NX v23.1.1 Daemon Client] - 2026-08-01T08:19:30.441Z - [Messenger] Sending message type: GET_CONFIGURE_AI_AGENTS_STATUS
[NX v23.1.1 Daemon Client] - 2026-08-01T08:19:30.441Z - [Messenger] Message sent
[NX v23.1.1 Daemon Server] - 2026-08-01T08:19:30.441Z - Closed a connection. Number of open connections: 1
[NX v23.1.1 Daemon Server] - 2026-08-01T08:19:30.441Z - Received raw message of length 41
[NX v23.1.1 Daemon Server] - 2026-08-01T08:19:30.441Z - Received json message of type GET_CONFIGURE_AI_AGENTS_STATUS
[NX v23.1.1 Daemon Server] - 2026-08-01T08:19:30.441Z - [AI-AGENTS]: Returning cached agent configuration status
[NX v23.1.1 Daemon Server] - 2026-08-01T08:19:30.441Z - Serializing response for GET_CONFIGURE_AI_AGENTS_STATUS message in json mode
[NX v23.1.1 Daemon Server] - 2026-08-01T08:19:30.441Z - Responding to GET_CONFIGURE_AI_AGENTS_STATUS message
[NX v23.1.1 Daemon Server] - 2026-08-01T08:19:30.441Z - [REQUEST]: Responding to the client. handleGetConfigureAiAgentsStatus
[NX v23.1.1 Daemon Server] - 2026-08-01T08:19:30.441Z - Done responding to the client handleGetConfigureAiAgentsStatus
[NX v23.1.1 Daemon Server] - 2026-08-01T08:19:30.441Z - Handled json message GET_CONFIGURE_AI_AGENTS_STATUS. Handling time: 0. Response time: 0.
[NX v23.1.1 Daemon Client] - 2026-08-01T08:19:30.441Z - [Messenger] Received message, length: 280
[NX v23.1.1 Daemon Client] - 2026-08-01T08:19:30.442Z - [Messenger] Sending message type: POST_TASKS_EXECUTION
[NX v23.1.1 Daemon Client] - 2026-08-01T08:19:30.442Z - [Messenger] Message sent
[NX v23.1.1 Daemon Server] - 2026-08-01T08:19:30.443Z - Received raw message of length 35452
[NX v23.1.1 Daemon Server] - 2026-08-01T08:19:30.443Z - Received json message of type POST_TASKS_EXECUTION
[NX v23.1.1 Daemon Server] - 2026-08-01T08:19:30.443Z - Serializing response for POST_TASKS_EXECUTION message in json mode
[NX v23.1.1 Daemon Server] - 2026-08-01T08:19:30.443Z - Responding to POST_TASKS_EXECUTION message
[NX v23.1.1 Daemon Server] - 2026-08-01T08:19:30.443Z - [REQUEST]: Responding to the client. handleRunPostTasksExecution
[NX v23.1.1 Daemon Server] - 2026-08-01T08:19:30.443Z - Done responding to the client handleRunPostTasksExecution
[NX v23.1.1 Daemon Server] - 2026-08-01T08:19:30.443Z - Handled json message POST_TASKS_EXECUTION. Handling time: 0. Response time: 0.
[NX v23.1.1 Daemon Client] - 2026-08-01T08:19:30.443Z - [Messenger] Received message, length: 4
[NX v23.1.1 Daemon Server] - 2026-08-01T08:19:30.443Z - Time taken for 'postTasksExecution' 0.043542000001252745ms
[NX v23.1.1 Daemon Server] - 2026-08-01T08:19:30.446Z - Closed a connection. Number of open connections: 0
DEBUG nx::native::watch::watcher: idle-window emitting events count=24
DEBUG nx::native::watch::watcher:   [update] _site/podcast/index.html
DEBUG nx::native::watch::watcher:   [update] _site/feed.xml
DEBUG nx::native::watch::watcher:   [create] _site/assets/images/favicon.ico
DEBUG nx::native::watch::watcher:   [create] _site/assets/chat-mtg.png
DEBUG nx::native::watch::watcher:   [update] _site/about/index.html
DEBUG nx::native::watch::watcher:   [create] _site/assets/linkedin.svg
DEBUG nx::native::watch::watcher:   [update] _site/blog/index.html
DEBUG nx::native::watch::watcher:   [create] _site/css/main.css
DEBUG nx::native::watch::watcher:   [create] _site/CNAME
DEBUG nx::native::watch::watcher:   [update] _site/index.html
DEBUG nx::native::watch::watcher:   [create] _site/assets/this-is-tech-talks.png
DEBUG nx::native::watch::watcher:   [create] _site/robots.txt
DEBUG nx::native::watch::watcher:   [create] _site/assets/youtube.svg
DEBUG nx::native::watch::watcher:   [update] _site/links/index.html
DEBUG nx::native::watch::watcher:   [create] _site/assets/github.svg
DEBUG nx::native::watch::watcher:   [create] _site/assets/images/apple-touch-icon.png
DEBUG nx::native::watch::watcher:   [update] _site/404.html
DEBUG nx::native::watch::watcher:   [create] _site/assets/powered_by_analog.webp
DEBUG nx::native::watch::watcher:   [create] _site/assets/twitter.svg
DEBUG nx::native::watch::watcher:   [create] _site/assets/logo_reg.svg
DEBUG nx::native::watch::watcher:   [create] _site/assets/css/prism.css
DEBUG nx::native::watch::watcher:   [create] _site/favicon.ico
DEBUG nx::native::watch::watcher:   [create] _site/assets/analog.svg
DEBUG nx::native::watch::watcher:   [create] _site/assets/the-angular-plus-show.png
[NX v23.1.1 Daemon Server] - 2026-08-01T08:19:30.529Z - [WATCHER]: Processing file changes in outputs
DEBUG nx::native::watch::watcher: idle-window emitting events count=10
DEBUG nx::native::watch::watcher:   [delete] assets/logo_reg.svg
DEBUG nx::native::watch::watcher:   [delete] assets/linkedin.svg
DEBUG nx::native::watch::watcher:   [delete] assets/the-angular-plus-show.png
DEBUG nx::native::watch::watcher:   [delete] assets/this-is-tech-talks.png
DEBUG nx::native::watch::watcher:   [delete] assets/youtube.svg
DEBUG nx::native::watch::watcher:   [delete] assets/analog.svg
DEBUG nx::native::watch::watcher:   [delete] assets/github.svg
DEBUG nx::native::watch::watcher:   [delete] assets/chat-mtg.png
DEBUG nx::native::watch::watcher:   [delete] assets/powered_by_analog.webp
DEBUG nx::native::watch::watcher:   [delete] assets/twitter.svg
[NX v23.1.1 Daemon Server] - 2026-08-01T08:20:01.532Z - [WATCHER]: 0 file(s) created or restored, 0 file(s) modified, 10 file(s) deleted
[NX v23.1.1 Daemon Server] - 2026-08-01T08:20:01.533Z - [WATCHER]: [watcher] routeWorkspaceChanges batch: 10 events: delete:assets/logo_reg.svg, delete:assets/linkedin.svg, delete:assets/the-angular-plus-show.png, delete:assets/this-is-tech-talks.png, delete:assets/youtube.svg, delete:assets/analog.svg, delete:assets/github.svg, delete:assets/chat-mtg.png, delete:assets/powered_by_analog.webp, delete:assets/twitter.svg
[NX v23.1.1 Daemon Server] - 2026-08-01T08:20:01.533Z - [WATCHER]: File changes detected:
Created:
(none)
Updated:
(none)
Deleted:
  - assets/logo_reg.svg
  - assets/linkedin.svg
  - assets/the-angular-plus-show.png
  - assets/this-is-tech-talks.png
  - assets/youtube.svg
  - assets/analog.svg
  - assets/github.svg
  - assets/chat-mtg.png
  - assets/powered_by_analog.webp
  - assets/twitter.svg
[NX v23.1.1 Daemon Server] - 2026-08-01T08:20:01.533Z - [SYNC]: clearing sync generators cache due to file changes
[NX v23.1.1 Daemon Server] - 2026-08-01T08:20:01.533Z - [REQUEST]: Updated workspace context based on watched changes, recomputing project graph...
[NX v23.1.1 Daemon Server] - 2026-08-01T08:20:01.533Z - [REQUEST]: 
[NX v23.1.1 Daemon Server] - 2026-08-01T08:20:01.533Z - [REQUEST]: assets/logo_reg.svg,assets/linkedin.svg,assets/the-angular-plus-show.png,assets/this-is-tech-talks.png,assets/youtube.svg,assets/analog.svg,assets/github.svg,assets/chat-mtg.png,assets/powered_by_analog.webp,assets/twitter.svg
[plugin-client] restarting worker for "nx/js/dependencies-and-lockfile"
DEBUG nx::native::watch::watcher: idle-window emitting events count=10
DEBUG nx::native::watch::watcher:   [delete] assets/youtube.svg
DEBUG nx::native::watch::watcher:   [delete] assets/the-angular-plus-show.png
DEBUG nx::native::watch::watcher:   [delete] assets/analog.svg
DEBUG nx::native::watch::watcher:   [delete] assets/twitter.svg
DEBUG nx::native::watch::watcher:   [delete] assets/logo_reg.svg
DEBUG nx::native::watch::watcher:   [delete] assets/linkedin.svg
DEBUG nx::native::watch::watcher:   [delete] assets/chat-mtg.png
DEBUG nx::native::watch::watcher:   [delete] assets/github.svg
DEBUG nx::native::watch::watcher:   [delete] assets/powered_by_analog.webp
DEBUG nx::native::watch::watcher:   [delete] assets/this-is-tech-talks.png
[isolated-plugin] spawned worker for "nx/js/dependencies-and-lockfile" (pid: 20930, socket: /private/tmp/plugin20052-3-45160.772708.sock)
[plugin-client] restarting worker for "nx/core/package-json"
[isolated-plugin] spawned worker for "nx/core/package-json" (pid: 20931, socket: /private/tmp/plugin20052-4-45162.206958.sock)
[plugin-client] restarting worker for "nx/core/project-json"
[isolated-plugin] spawned worker for "nx/core/project-json" (pid: 20932, socket: /private/tmp/plugin20052-5-45162.779417.sock)
[NX v23.1.1 Daemon Server] - 2026-08-01T08:20:01.536Z - Time taken for 'hash changed files from watcher' 0.07620799999858718ms
[NX v23.1.1 Daemon Server] - 2026-08-01T08:20:01.537Z - [WATCHER]: Processing file changes in outputs
[plugin-worker] "nx/core/project-json" (pid: 20932) listening on /private/tmp/plugin20052-5-45162.779417.sock
[plugin-worker] "nx/core/package-json" (pid: 20931) listening on /private/tmp/plugin20052-4-45162.206958.sock
[plugin-worker] "nx/js/dependencies-and-lockfile" (pid: 20930) listening on /private/tmp/plugin20052-3-45160.772708.sock
Time taken for 'plugin worker 20930 code loading' 239.685166ms
Time taken for 'plugin worker 20932 code loading' 239.684959ms
Time taken for 'plugin worker 20931 code loading' 239.679458ms
[isolated-plugin] connected to worker for "nx/js/dependencies-and-lockfile" (pid: 20930)
[isolated-plugin] connected to worker for "nx/core/package-json" (pid: 20931)
[isolated-plugin] connected to worker for "nx/core/project-json" (pid: 20932)
[NX v23.1.1 Daemon Server] - 2026-08-01T08:20:01.875Z - Time taken for 'start-plugin-worker:nx/js/dependencies-and-lockfile' 341.31170900000143ms
[NX v23.1.1 Daemon Server] - 2026-08-01T08:20:01.875Z - Time taken for 'start-plugin-worker:nx/core/package-json' 339.95812500000466ms
[NX v23.1.1 Daemon Server] - 2026-08-01T08:20:01.875Z - Time taken for 'start-plugin-worker:nx/core/project-json' 339.44524999999703ms
[plugin-worker] "nx/core/package-json" (pid: 20931) connected
[plugin-worker] "nx/core/project-json" (pid: 20932) connected
[plugin-worker] "nx/js/dependencies-and-lockfile" (pid: 20930) connected
[plugin-worker] "nx/core/project-json" (pid: 20932) loaded successfully
[isolated-plugin] shutting down worker for "nx/core/project-json" after createNodes
[plugin-worker] "nx/core/package-json" (pid: 20931) loaded successfully
[plugin-worker] "nx/js/dependencies-and-lockfile" (pid: 20930) loaded successfully
Time taken for 'nx/js/dependencies-and-lockfile:createNodes' 1.9382080000000315ms
[isolated-plugin] shutting down worker for "nx/core/package-json" after createNodes
[NX v23.1.1 Daemon Server] - 2026-08-01T08:20:02.116Z - Time taken for 'build-project-configs' 581.2889580000046ms
[NX v23.1.1 Daemon Server] - 2026-08-01T08:20:02.116Z - Time taken for 'createNodes:merge' 0.6165410000030533ms
Time taken for 'build typescript dependencies' 0.05558299999995597ms
[isolated-plugin] shutting down worker for "nx/js/dependencies-and-lockfile" after createDependencies
[NX v23.1.1 Daemon Server] - 2026-08-01T08:20:02.120Z - [SYNC]: collect registered sync generators
[NX v23.1.1 Daemon Server] - 2026-08-01T08:20:02.120Z - [SYNC]: project graph hash is the same, not collecting task sync generators
[NX v23.1.1 Daemon Server] - 2026-08-01T08:20:02.120Z - [SYNC]: nx.json hash is the same, not collecting global sync generators
[NX v23.1.1 Daemon Server] - 2026-08-01T08:20:02.123Z - Wrote project graph cache to /Users/jaybell/WebstormProjects/jaybell.me/.nx/workspace-data/project-graph.json
[NX v23.1.1 Daemon Server] - 2026-08-01T08:20:02.123Z - Time taken for 'total execution time for createProjectGraph()' 4.782958999996481ms
[NX v23.1.1 Daemon Server] - 2026-08-01T08:20:02.123Z - Time taken for 'createDependencies' 3.9109579999931157ms
[NX v23.1.1 Daemon Server] - 2026-08-01T08:20:02.123Z - Time taken for 'nx/js/dependencies-and-lockfile:createDependencies' 3.863207999995211ms
[NX v23.1.1 Daemon Server] - 2026-08-01T08:20:02.123Z - Time taken for 'createMetadata' 0.006000000001222361ms
[NX v23.1.1 Daemon Server] - 2026-08-01T08:20:02.123Z - Time taken for 'serialize graph' 0.4887499999967986ms
[NX v23.1.1 Daemon Server] - 2026-08-01T08:20:02.123Z - Time taken for 'write cache' 2.1054169999988517ms
DEBUG nx::native::watch::watcher: idle-window emitting events count=2
DEBUG nx::native::watch::watcher: idle-window emitting events count=2
DEBUG nx::native::watch::watcher:   [create] assets/images/favicon.svg
DEBUG nx::native::watch::watcher:   [delete] assets/images/.favicon.svg.tmp.msa3piek6l8ltw
DEBUG nx::native::watch::watcher:   [create] assets/images/favicon.svg
DEBUG nx::native::watch::watcher:   [delete] assets/images/.favicon.svg.tmp.msa3piek6l8ltw
[NX v23.1.1 Daemon Server] - 2026-08-01T08:20:06.493Z - [WATCHER]: Processing file changes in outputs
[NX v23.1.1 Daemon Server] - 2026-08-01T08:20:06.494Z - [WATCHER]: 1 file(s) created or restored, 0 file(s) modified, 1 file(s) deleted
[NX v23.1.1 Daemon Server] - 2026-08-01T08:20:06.494Z - [WATCHER]: [watcher] routeWorkspaceChanges batch: 2 events: create:assets/images/favicon.svg, delete:assets/images/.favicon.svg.tmp.msa3piek6l8ltw
[NX v23.1.1 Daemon Server] - 2026-08-01T08:20:06.494Z - [WATCHER]: File changes detected:
Created:
  - assets/images/favicon.svg
Updated:
(none)
Deleted:
  - assets/images/.favicon.svg.tmp.msa3piek6l8ltw
[NX v23.1.1 Daemon Server] - 2026-08-01T08:20:06.494Z - [SYNC]: clearing sync generators cache due to file changes
[NX v23.1.1 Daemon Server] - 2026-08-01T08:20:06.494Z - [REQUEST]: Updated workspace context based on watched changes, recomputing project graph...
[NX v23.1.1 Daemon Server] - 2026-08-01T08:20:06.494Z - [REQUEST]: assets/images/favicon.svg
[NX v23.1.1 Daemon Server] - 2026-08-01T08:20:06.494Z - [REQUEST]: assets/images/.favicon.svg.tmp.msa3piek6l8ltw
[plugin-client] restarting worker for "nx/js/dependencies-and-lockfile"
[isolated-plugin] spawned worker for "nx/js/dependencies-and-lockfile" (pid: 21046, socket: /private/tmp/plugin20052-6-50121.603458.sock)
[plugin-client] restarting worker for "nx/core/package-json"
[isolated-plugin] spawned worker for "nx/core/package-json" (pid: 21047, socket: /private/tmp/plugin20052-7-50122.702792.sock)
[plugin-client] restarting worker for "nx/core/project-json"
[isolated-plugin] spawned worker for "nx/core/project-json" (pid: 21048, socket: /private/tmp/plugin20052-8-50123.294917.sock)
[NX v23.1.1 Daemon Server] - 2026-08-01T08:20:06.497Z - Time taken for 'hash changed files from watcher' 0.13900000000285218ms
[isolated-plugin] connected to worker for "nx/core/package-json" (pid: 21047)
[isolated-plugin] connected to worker for "nx/core/project-json" (pid: 21048)
[NX v23.1.1 Daemon Server] - 2026-08-01T08:20:06.639Z - Time taken for 'start-plugin-worker:nx/core/package-json' 143.05770800000028ms
[NX v23.1.1 Daemon Server] - 2026-08-01T08:20:06.639Z - Time taken for 'start-plugin-worker:nx/core/project-json' 142.6030000000028ms
[plugin-worker] "nx/core/project-json" (pid: 21048) listening on /private/tmp/plugin20052-8-50123.294917.sock
[plugin-worker] "nx/js/dependencies-and-lockfile" (pid: 21046) listening on /private/tmp/plugin20052-6-50121.603458.sock
[plugin-worker] "nx/core/package-json" (pid: 21047) listening on /private/tmp/plugin20052-7-50122.702792.sock
Time taken for 'plugin worker 21046 code loading' 88.829542ms
[plugin-worker] "nx/core/project-json" (pid: 21048) connected
Time taken for 'plugin worker 21048 code loading' 88.831125ms
[plugin-worker] "nx/core/package-json" (pid: 21047) connected
Time taken for 'plugin worker 21047 code loading' 88.666334ms
[plugin-worker] "nx/core/project-json" (pid: 21048) loaded successfully
[plugin-worker] "nx/core/package-json" (pid: 21047) loaded successfully
[isolated-plugin] shutting down worker for "nx/core/project-json" after createNodes
[isolated-plugin] connected to worker for "nx/js/dependencies-and-lockfile" (pid: 21046)
[NX v23.1.1 Daemon Server] - 2026-08-01T08:20:06.649Z - Time taken for 'start-plugin-worker:nx/js/dependencies-and-lockfile' 154.51608300000225ms
[plugin-worker] "nx/js/dependencies-and-lockfile" (pid: 21046) connected
[plugin-worker] "nx/js/dependencies-and-lockfile" (pid: 21046) loaded successfully
Time taken for 'nx/js/dependencies-and-lockfile:createNodes' 1.7004579999999976ms
[isolated-plugin] shutting down worker for "nx/core/package-json" after createNodes
[NX v23.1.1 Daemon Server] - 2026-08-01T08:20:06.867Z - Time taken for 'build-project-configs' 371.27570900000137ms
[NX v23.1.1 Daemon Server] - 2026-08-01T08:20:06.867Z - Time taken for 'createNodes:merge' 0.47995800000353483ms
Time taken for 'build typescript dependencies' 0.5478329999999687ms
[isolated-plugin] shutting down worker for "nx/js/dependencies-and-lockfile" after createDependencies
[NX v23.1.1 Daemon Server] - 2026-08-01T08:20:06.871Z - [SYNC]: collect registered sync generators
[NX v23.1.1 Daemon Server] - 2026-08-01T08:20:06.871Z - [SYNC]: project graph hash is the same, not collecting task sync generators
[NX v23.1.1 Daemon Server] - 2026-08-01T08:20:06.871Z - [SYNC]: nx.json hash is the same, not collecting global sync generators
[NX v23.1.1 Daemon Server] - 2026-08-01T08:20:06.873Z - Wrote project graph cache to /Users/jaybell/WebstormProjects/jaybell.me/.nx/workspace-data/project-graph.json
[NX v23.1.1 Daemon Server] - 2026-08-01T08:20:06.873Z - Time taken for 'total execution time for createProjectGraph()' 4.406375000005937ms
[NX v23.1.1 Daemon Server] - 2026-08-01T08:20:06.873Z - Time taken for 'createDependencies' 3.7765419999996084ms
[NX v23.1.1 Daemon Server] - 2026-08-01T08:20:06.873Z - Time taken for 'nx/js/dependencies-and-lockfile:createDependencies' 3.7417920000007143ms
[NX v23.1.1 Daemon Server] - 2026-08-01T08:20:06.873Z - Time taken for 'createMetadata' 0.005207999995036516ms
[NX v23.1.1 Daemon Server] - 2026-08-01T08:20:06.873Z - Time taken for 'serialize graph' 0.7307500000024447ms
[NX v23.1.1 Daemon Server] - 2026-08-01T08:20:06.873Z - Time taken for 'write cache' 1.4519160000054399ms
DEBUG nx::native::watch::watcher: idle-window emitting events count=2
DEBUG nx::native::watch::watcher:   [create] README.md
DEBUG nx::native::watch::watcher:   [delete] .README.md.tmp.msa3ps9m8l7uy7
[NX v23.1.1 Daemon Server] - 2026-08-01T08:20:19.277Z - [WATCHER]: 1 file(s) created or restored, 0 file(s) modified, 1 file(s) deleted
[NX v23.1.1 Daemon Server] - 2026-08-01T08:20:19.277Z - [WATCHER]: [watcher] routeWorkspaceChanges batch: 2 events: create:README.md, delete:.README.md.tmp.msa3ps9m8l7uy7
[NX v23.1.1 Daemon Server] - 2026-08-01T08:20:19.277Z - [WATCHER]: File changes detected:
Created:
  - README.md
Updated:
(none)
Deleted:
  - .README.md.tmp.msa3ps9m8l7uy7
[NX v23.1.1 Daemon Server] - 2026-08-01T08:20:19.278Z - [SYNC]: clearing sync generators cache due to file changes
[NX v23.1.1 Daemon Server] - 2026-08-01T08:20:19.278Z - [REQUEST]: Updated workspace context based on watched changes, recomputing project graph...
[NX v23.1.1 Daemon Server] - 2026-08-01T08:20:19.278Z - [REQUEST]: README.md
[NX v23.1.1 Daemon Server] - 2026-08-01T08:20:19.278Z - [REQUEST]: .README.md.tmp.msa3ps9m8l7uy7
[plugin-client] restarting worker for "nx/js/dependencies-and-lockfile"
DEBUG nx::native::watch::watcher: idle-window emitting events count=2
DEBUG nx::native::watch::watcher:   [create] README.md
DEBUG nx::native::watch::watcher:   [delete] .README.md.tmp.msa3ps9m8l7uy7
[isolated-plugin] spawned worker for "nx/js/dependencies-and-lockfile" (pid: 21180, socket: /private/tmp/plugin20052-9-62905.475875.sock)
[plugin-client] restarting worker for "nx/core/package-json"
[isolated-plugin] spawned worker for "nx/core/package-json" (pid: 21181, socket: /private/tmp/plugin20052-10-62906.995208.sock)
[plugin-client] restarting worker for "nx/core/project-json"
[isolated-plugin] spawned worker for "nx/core/project-json" (pid: 21182, socket: /private/tmp/plugin20052-11-62907.680542.sock)
[NX v23.1.1 Daemon Server] - 2026-08-01T08:20:19.281Z - Time taken for 'hash changed files from watcher' 0.1334999999962747ms
[NX v23.1.1 Daemon Server] - 2026-08-01T08:20:19.281Z - [WATCHER]: Processing file changes in outputs
[plugin-worker] "nx/core/package-json" (pid: 21181) listening on /private/tmp/plugin20052-10-62906.995208.sock
[plugin-worker] "nx/js/dependencies-and-lockfile" (pid: 21180) listening on /private/tmp/plugin20052-9-62905.475875.sock
[plugin-worker] "nx/core/project-json" (pid: 21182) listening on /private/tmp/plugin20052-11-62907.680542.sock
Time taken for 'plugin worker 21182 code loading' 128.52820899999998ms
Time taken for 'plugin worker 21180 code loading' 128.528875ms
Time taken for 'plugin worker 21181 code loading' 128.536916ms
[isolated-plugin] connected to worker for "nx/js/dependencies-and-lockfile" (pid: 21180)
[isolated-plugin] connected to worker for "nx/core/package-json" (pid: 21181)
[isolated-plugin] connected to worker for "nx/core/project-json" (pid: 21182)
[NX v23.1.1 Daemon Server] - 2026-08-01T08:20:19.479Z - Time taken for 'start-plugin-worker:nx/js/dependencies-and-lockfile' 199.96679099999892ms
[NX v23.1.1 Daemon Server] - 2026-08-01T08:20:19.479Z - Time taken for 'start-plugin-worker:nx/core/package-json' 198.57362500000454ms
[NX v23.1.1 Daemon Server] - 2026-08-01T08:20:19.479Z - Time taken for 'start-plugin-worker:nx/core/project-json' 197.92891699999745ms
[plugin-worker] "nx/js/dependencies-and-lockfile" (pid: 21180) connected
[plugin-worker] "nx/core/project-json" (pid: 21182) connected
[plugin-worker] "nx/core/package-json" (pid: 21181) connected
[plugin-worker] "nx/core/project-json" (pid: 21182) loaded successfully
[isolated-plugin] shutting down worker for "nx/core/project-json" after createNodes
[plugin-worker] "nx/core/package-json" (pid: 21181) loaded successfully
[plugin-worker] "nx/js/dependencies-and-lockfile" (pid: 21180) loaded successfully
Time taken for 'nx/js/dependencies-and-lockfile:createNodes' 1.9267080000000192ms
[isolated-plugin] shutting down worker for "nx/core/package-json" after createNodes
[NX v23.1.1 Daemon Server] - 2026-08-01T08:20:19.697Z - Time taken for 'build-project-configs' 417.7592500000028ms
[NX v23.1.1 Daemon Server] - 2026-08-01T08:20:19.697Z - Time taken for 'createNodes:merge' 0.6269580000007409ms
Time taken for 'build typescript dependencies' 0.6942920000000186ms
[isolated-plugin] shutting down worker for "nx/js/dependencies-and-lockfile" after createDependencies
[NX v23.1.1 Daemon Server] - 2026-08-01T08:20:19.703Z - [SYNC]: collect registered sync generators
[NX v23.1.1 Daemon Server] - 2026-08-01T08:20:19.703Z - [SYNC]: project graph hash is the same, not collecting task sync generators
[NX v23.1.1 Daemon Server] - 2026-08-01T08:20:19.703Z - [SYNC]: nx.json hash is the same, not collecting global sync generators
[NX v23.1.1 Daemon Server] - 2026-08-01T08:20:19.705Z - Wrote project graph cache to /Users/jaybell/WebstormProjects/jaybell.me/.nx/workspace-data/project-graph.json
[NX v23.1.1 Daemon Server] - 2026-08-01T08:20:19.705Z - Time taken for 'total execution time for createProjectGraph()' 6.038332999996783ms
[NX v23.1.1 Daemon Server] - 2026-08-01T08:20:19.705Z - Time taken for 'createDependencies' 5.3009170000004815ms
[NX v23.1.1 Daemon Server] - 2026-08-01T08:20:19.705Z - Time taken for 'nx/js/dependencies-and-lockfile:createDependencies' 5.25604100000055ms
[NX v23.1.1 Daemon Server] - 2026-08-01T08:20:19.705Z - Time taken for 'createMetadata' 0.006084000000555534ms
[NX v23.1.1 Daemon Server] - 2026-08-01T08:20:19.705Z - Time taken for 'serialize graph' 0.7665409999972326ms
[NX v23.1.1 Daemon Server] - 2026-08-01T08:20:19.705Z - Time taken for 'write cache' 2.1197079999983544ms
DEBUG nx::native::watch::watcher: idle-window emitting events count=1
DEBUG nx::native::watch::watcher:   [delete] assets/images/apple-touch-icon.png
[NX v23.1.1 Daemon Server] - 2026-08-01T08:20:23.133Z - [WATCHER]: Processing file changes in outputs
DEBUG nx::native::watch::watcher: idle-window emitting events count=1
DEBUG nx::native::watch::watcher:   [delete] assets/images/apple-touch-icon.png
[NX v23.1.1 Daemon Server] - 2026-08-01T08:20:23.137Z - [WATCHER]: assets/images/apple-touch-icon.png was deleted
[NX v23.1.1 Daemon Server] - 2026-08-01T08:20:23.137Z - [WATCHER]: [watcher] routeWorkspaceChanges batch: 1 events: delete:assets/images/apple-touch-icon.png
[NX v23.1.1 Daemon Server] - 2026-08-01T08:20:23.137Z - [WATCHER]: File changes detected:
Created:
(none)
Updated:
(none)
Deleted:
  - assets/images/apple-touch-icon.png
[NX v23.1.1 Daemon Server] - 2026-08-01T08:20:23.137Z - [SYNC]: clearing sync generators cache due to file changes
[NX v23.1.1 Daemon Server] - 2026-08-01T08:20:23.137Z - [REQUEST]: Updated workspace context based on watched changes, recomputing project graph...
[NX v23.1.1 Daemon Server] - 2026-08-01T08:20:23.137Z - [REQUEST]: 
[NX v23.1.1 Daemon Server] - 2026-08-01T08:20:23.137Z - [REQUEST]: assets/images/apple-touch-icon.png
[plugin-client] restarting worker for "nx/js/dependencies-and-lockfile"
[isolated-plugin] spawned worker for "nx/js/dependencies-and-lockfile" (pid: 21192, socket: /private/tmp/plugin20052-12-66764.881042.sock)
[plugin-client] restarting worker for "nx/core/package-json"
[isolated-plugin] spawned worker for "nx/core/package-json" (pid: 21193, socket: /private/tmp/plugin20052-13-66766.057542.sock)
[plugin-client] restarting worker for "nx/core/project-json"
[isolated-plugin] spawned worker for "nx/core/project-json" (pid: 21194, socket: /private/tmp/plugin20052-14-66766.622417.sock)
[NX v23.1.1 Daemon Server] - 2026-08-01T08:20:23.140Z - Time taken for 'hash changed files from watcher' 0.05679200000304263ms
[plugin-worker] "nx/core/project-json" (pid: 21194) listening on /private/tmp/plugin20052-14-66766.622417.sock
[plugin-worker] "nx/core/package-json" (pid: 21193) listening on /private/tmp/plugin20052-13-66766.057542.sock
[plugin-worker] "nx/js/dependencies-and-lockfile" (pid: 21192) listening on /private/tmp/plugin20052-12-66764.881042.sock
Time taken for 'plugin worker 21192 code loading' 103.406833ms
Time taken for 'plugin worker 21194 code loading' 103.39275ms
Time taken for 'plugin worker 21193 code loading' 103.406333ms
[isolated-plugin] connected to worker for "nx/js/dependencies-and-lockfile" (pid: 21192)
[isolated-plugin] connected to worker for "nx/core/package-json" (pid: 21193)
[isolated-plugin] connected to worker for "nx/core/project-json" (pid: 21194)
[NX v23.1.1 Daemon Server] - 2026-08-01T08:20:23.307Z - Time taken for 'start-plugin-worker:nx/js/dependencies-and-lockfile' 168.45895799998834ms
[NX v23.1.1 Daemon Server] - 2026-08-01T08:20:23.307Z - Time taken for 'start-plugin-worker:nx/core/package-json' 167.4134999999951ms
[NX v23.1.1 Daemon Server] - 2026-08-01T08:20:23.307Z - Time taken for 'start-plugin-worker:nx/core/project-json' 166.88087500000256ms
[plugin-worker] "nx/core/project-json" (pid: 21194) connected
[plugin-worker] "nx/core/package-json" (pid: 21193) connected
[plugin-worker] "nx/js/dependencies-and-lockfile" (pid: 21192) connected
[plugin-worker] "nx/core/project-json" (pid: 21194) loaded successfully
[isolated-plugin] shutting down worker for "nx/core/project-json" after createNodes
[plugin-worker] "nx/core/package-json" (pid: 21193) loaded successfully
[plugin-worker] "nx/js/dependencies-and-lockfile" (pid: 21192) loaded successfully
Time taken for 'nx/js/dependencies-and-lockfile:createNodes' 1.8635419999999954ms
[isolated-plugin] shutting down worker for "nx/core/package-json" after createNodes
[NX v23.1.1 Daemon Server] - 2026-08-01T08:20:23.533Z - Time taken for 'build-project-configs' 394.77508300000045ms
[NX v23.1.1 Daemon Server] - 2026-08-01T08:20:23.534Z - Time taken for 'createNodes:merge' 0.4854580000101123ms
Time taken for 'build typescript dependencies' 0.04995800000000372ms
[isolated-plugin] shutting down worker for "nx/js/dependencies-and-lockfile" after createDependencies
[NX v23.1.1 Daemon Server] - 2026-08-01T08:20:23.538Z - [SYNC]: collect registered sync generators
[NX v23.1.1 Daemon Server] - 2026-08-01T08:20:23.538Z - [SYNC]: project graph hash is the same, not collecting task sync generators
[NX v23.1.1 Daemon Server] - 2026-08-01T08:20:23.538Z - [SYNC]: nx.json hash is the same, not collecting global sync generators
[NX v23.1.1 Daemon Server] - 2026-08-01T08:20:23.539Z - Wrote project graph cache to /Users/jaybell/WebstormProjects/jaybell.me/.nx/workspace-data/project-graph.json
[NX v23.1.1 Daemon Server] - 2026-08-01T08:20:23.540Z - Time taken for 'total execution time for createProjectGraph()' 4.225833000004059ms
[NX v23.1.1 Daemon Server] - 2026-08-01T08:20:23.540Z - Time taken for 'createDependencies' 3.577041000011377ms
[NX v23.1.1 Daemon Server] - 2026-08-01T08:20:23.540Z - Time taken for 'nx/js/dependencies-and-lockfile:createDependencies' 3.53224999998929ms
[NX v23.1.1 Daemon Server] - 2026-08-01T08:20:23.540Z - Time taken for 'createMetadata' 0.006083000000216998ms
[NX v23.1.1 Daemon Server] - 2026-08-01T08:20:23.540Z - Time taken for 'serialize graph' 0.7816250000032596ms
[NX v23.1.1 Daemon Server] - 2026-08-01T08:20:23.540Z - Time taken for 'write cache' 1.7173749999928987ms
DEBUG nx::native::watch::watcher: idle-window emitting events count=2
DEBUG nx::native::watch::watcher:   [delete] _layouts/base.njk.2751-12.cc-edit.tmp
DEBUG nx::native::watch::watcher:   [create] _layouts/base.njk
[NX v23.1.1 Daemon Server] - 2026-08-01T08:20:28.094Z - [WATCHER]: Processing file changes in outputs
DEBUG nx::native::watch::watcher: idle-window emitting events count=2
DEBUG nx::native::watch::watcher:   [create] _layouts/base.njk
DEBUG nx::native::watch::watcher:   [delete] _layouts/base.njk.2751-12.cc-edit.tmp
[NX v23.1.1 Daemon Server] - 2026-08-01T08:20:28.094Z - [WATCHER]: 1 file(s) created or restored, 0 file(s) modified, 1 file(s) deleted
[NX v23.1.1 Daemon Server] - 2026-08-01T08:20:28.094Z - [WATCHER]: [watcher] routeWorkspaceChanges batch: 2 events: create:_layouts/base.njk, delete:_layouts/base.njk.2751-12.cc-edit.tmp
[NX v23.1.1 Daemon Server] - 2026-08-01T08:20:28.094Z - [WATCHER]: File changes detected:
Created:
  - _layouts/base.njk
Updated:
(none)
Deleted:
  - _layouts/base.njk.2751-12.cc-edit.tmp
[NX v23.1.1 Daemon Server] - 2026-08-01T08:20:28.094Z - [SYNC]: clearing sync generators cache due to file changes
[NX v23.1.1 Daemon Server] - 2026-08-01T08:20:28.095Z - [REQUEST]: Updated workspace context based on watched changes, recomputing project graph...
[NX v23.1.1 Daemon Server] - 2026-08-01T08:20:28.095Z - [REQUEST]: _layouts/base.njk
[NX v23.1.1 Daemon Server] - 2026-08-01T08:20:28.095Z - [REQUEST]: _layouts/base.njk.2751-12.cc-edit.tmp
[plugin-client] restarting worker for "nx/js/dependencies-and-lockfile"
[isolated-plugin] spawned worker for "nx/js/dependencies-and-lockfile" (pid: 21324, socket: /private/tmp/plugin20052-15-71722.192292.sock)
[plugin-client] restarting worker for "nx/core/package-json"
[isolated-plugin] spawned worker for "nx/core/package-json" (pid: 21325, socket: /private/tmp/plugin20052-16-71723.340583.sock)
[plugin-client] restarting worker for "nx/core/project-json"
[isolated-plugin] spawned worker for "nx/core/project-json" (pid: 21326, socket: /private/tmp/plugin20052-17-71723.932833.sock)
[NX v23.1.1 Daemon Server] - 2026-08-01T08:20:28.097Z - Time taken for 'hash changed files from watcher' 0.10987500000919681ms
[plugin-worker] "nx/core/project-json" (pid: 21326) listening on /private/tmp/plugin20052-17-71723.932833.sock
[plugin-worker] "nx/core/package-json" (pid: 21325) listening on /private/tmp/plugin20052-16-71723.340583.sock
[plugin-worker] "nx/js/dependencies-and-lockfile" (pid: 21324) listening on /private/tmp/plugin20052-15-71722.192292.sock
Time taken for 'plugin worker 21324 code loading' 101.748208ms
Time taken for 'plugin worker 21326 code loading' 101.74199999999999ms
Time taken for 'plugin worker 21325 code loading' 101.741ms
[isolated-plugin] connected to worker for "nx/js/dependencies-and-lockfile" (pid: 21324)
[isolated-plugin] connected to worker for "nx/core/package-json" (pid: 21325)
[isolated-plugin] connected to worker for "nx/core/project-json" (pid: 21326)
[NX v23.1.1 Daemon Server] - 2026-08-01T08:20:28.259Z - Time taken for 'start-plugin-worker:nx/js/dependencies-and-lockfile' 163.68687499999942ms
[NX v23.1.1 Daemon Server] - 2026-08-01T08:20:28.259Z - Time taken for 'start-plugin-worker:nx/core/package-json' 162.66629100000137ms
[NX v23.1.1 Daemon Server] - 2026-08-01T08:20:28.259Z - Time taken for 'start-plugin-worker:nx/core/project-json' 162.12920799999847ms
[plugin-worker] "nx/core/project-json" (pid: 21326) connected
[plugin-worker] "nx/core/package-json" (pid: 21325) connected
[plugin-worker] "nx/js/dependencies-and-lockfile" (pid: 21324) connected
[plugin-worker] "nx/core/project-json" (pid: 21326) loaded successfully
[isolated-plugin] shutting down worker for "nx/core/project-json" after createNodes
[plugin-worker] "nx/core/package-json" (pid: 21325) loaded successfully
[plugin-worker] "nx/js/dependencies-and-lockfile" (pid: 21324) loaded successfully
Time taken for 'nx/js/dependencies-and-lockfile:createNodes' 1.9904160000000104ms
[isolated-plugin] shutting down worker for "nx/core/package-json" after createNodes
[NX v23.1.1 Daemon Server] - 2026-08-01T08:20:28.494Z - Time taken for 'build-project-configs' 397.9846250000119ms
[NX v23.1.1 Daemon Server] - 2026-08-01T08:20:28.494Z - Time taken for 'createNodes:merge' 0.49524999999266583ms
Time taken for 'build typescript dependencies' 0.6283329999999978ms
[isolated-plugin] shutting down worker for "nx/js/dependencies-and-lockfile" after createDependencies
[NX v23.1.1 Daemon Server] - 2026-08-01T08:20:28.499Z - [SYNC]: collect registered sync generators
[NX v23.1.1 Daemon Server] - 2026-08-01T08:20:28.499Z - [SYNC]: project graph hash is the same, not collecting task sync generators
[NX v23.1.1 Daemon Server] - 2026-08-01T08:20:28.499Z - [SYNC]: nx.json hash is the same, not collecting global sync generators
[NX v23.1.1 Daemon Server] - 2026-08-01T08:20:28.502Z - Wrote project graph cache to /Users/jaybell/WebstormProjects/jaybell.me/.nx/workspace-data/project-graph.json
[NX v23.1.1 Daemon Server] - 2026-08-01T08:20:28.502Z - Time taken for 'total execution time for createProjectGraph()' 4.7827500000130385ms
[NX v23.1.1 Daemon Server] - 2026-08-01T08:20:28.502Z - Time taken for 'createDependencies' 4.094165999995312ms
[NX v23.1.1 Daemon Server] - 2026-08-01T08:20:28.502Z - Time taken for 'nx/js/dependencies-and-lockfile:createDependencies' 4.055624999993597ms
[NX v23.1.1 Daemon Server] - 2026-08-01T08:20:28.502Z - Time taken for 'createMetadata' 0.005665999997290783ms
[NX v23.1.1 Daemon Server] - 2026-08-01T08:20:28.502Z - Time taken for 'serialize graph' 0.8007499999948777ms
[NX v23.1.1 Daemon Server] - 2026-08-01T08:20:28.502Z - Time taken for 'write cache' 3.364916999998968ms
DEBUG nx::native::watch::watcher: idle-window emitting events count=2
DEBUG nx::native::watch::watcher:   [delete] ..eleventyignore.tmp.msa3qa6h9imhi5
DEBUG nx::native::watch::watcher:   [create] .eleventyignore
[NX v23.1.1 Daemon Server] - 2026-08-01T08:20:42.490Z - [WATCHER]: Processing file changes in outputs
DEBUG nx::native::watch::watcher: idle-window emitting events count=2
DEBUG nx::native::watch::watcher:   [delete] ..eleventyignore.tmp.msa3qa6h9imhi5
DEBUG nx::native::watch::watcher:   [create] .eleventyignore
[NX v23.1.1 Daemon Server] - 2026-08-01T08:20:42.491Z - [WATCHER]: 1 file(s) created or restored, 0 file(s) modified, 1 file(s) deleted
[NX v23.1.1 Daemon Server] - 2026-08-01T08:20:42.491Z - [WATCHER]: [watcher] routeWorkspaceChanges batch: 2 events: delete:..eleventyignore.tmp.msa3qa6h9imhi5, create:.eleventyignore
[NX v23.1.1 Daemon Server] - 2026-08-01T08:20:42.491Z - [WATCHER]: File changes detected:
Created:
  - .eleventyignore
Updated:
(none)
Deleted:
  - ..eleventyignore.tmp.msa3qa6h9imhi5
[NX v23.1.1 Daemon Server] - 2026-08-01T08:20:42.491Z - [SYNC]: clearing sync generators cache due to file changes
[NX v23.1.1 Daemon Server] - 2026-08-01T08:20:42.491Z - [REQUEST]: Updated workspace context based on watched changes, recomputing project graph...
[NX v23.1.1 Daemon Server] - 2026-08-01T08:20:42.491Z - [REQUEST]: .eleventyignore
[NX v23.1.1 Daemon Server] - 2026-08-01T08:20:42.491Z - [REQUEST]: ..eleventyignore.tmp.msa3qa6h9imhi5
[plugin-client] restarting worker for "nx/js/dependencies-and-lockfile"
[isolated-plugin] spawned worker for "nx/js/dependencies-and-lockfile" (pid: 21473, socket: /private/tmp/plugin20052-18-86118.942042.sock)
[plugin-client] restarting worker for "nx/core/package-json"
[isolated-plugin] spawned worker for "nx/core/package-json" (pid: 21474, socket: /private/tmp/plugin20052-19-86120.4325.sock)
[plugin-client] restarting worker for "nx/core/project-json"
[isolated-plugin] spawned worker for "nx/core/project-json" (pid: 21475, socket: /private/tmp/plugin20052-20-86120.977917.sock)
[NX v23.1.1 Daemon Server] - 2026-08-01T08:20:42.494Z - Time taken for 'hash changed files from watcher' 0.13245799999276642ms
[plugin-worker] "nx/js/dependencies-and-lockfile" (pid: 21473) listening on /private/tmp/plugin20052-18-86118.942042.sock
[plugin-worker] "nx/core/package-json" (pid: 21474) listening on /private/tmp/plugin20052-19-86120.4325.sock
[plugin-worker] "nx/core/project-json" (pid: 21475) listening on /private/tmp/plugin20052-20-86120.977917.sock
Time taken for 'plugin worker 21475 code loading' 76.080167ms
Time taken for 'plugin worker 21473 code loading' 76.517833ms
Time taken for 'plugin worker 21474 code loading' 75.794ms
[isolated-plugin] connected to worker for "nx/js/dependencies-and-lockfile" (pid: 21473)
[isolated-plugin] connected to worker for "nx/core/package-json" (pid: 21474)
[isolated-plugin] connected to worker for "nx/core/project-json" (pid: 21475)
[NX v23.1.1 Daemon Server] - 2026-08-01T08:20:42.637Z - Time taken for 'start-plugin-worker:nx/js/dependencies-and-lockfile' 144.54645799999707ms
[NX v23.1.1 Daemon Server] - 2026-08-01T08:20:42.637Z - Time taken for 'start-plugin-worker:nx/core/package-json' 143.14949999999953ms
[NX v23.1.1 Daemon Server] - 2026-08-01T08:20:42.637Z - Time taken for 'start-plugin-worker:nx/core/project-json' 142.6092079999944ms
[plugin-worker] "nx/core/package-json" (pid: 21474) connected
[plugin-worker] "nx/js/dependencies-and-lockfile" (pid: 21473) connected
[plugin-worker] "nx/core/project-json" (pid: 21475) connected
[plugin-worker] "nx/core/project-json" (pid: 21475) loaded successfully
[isolated-plugin] shutting down worker for "nx/core/project-json" after createNodes
[plugin-worker] "nx/core/package-json" (pid: 21474) loaded successfully
[plugin-worker] "nx/js/dependencies-and-lockfile" (pid: 21473) loaded successfully
Time taken for 'nx/js/dependencies-and-lockfile:createNodes' 1.8910000000000053ms
[isolated-plugin] shutting down worker for "nx/core/package-json" after createNodes
[NX v23.1.1 Daemon Server] - 2026-08-01T08:20:42.866Z - Time taken for 'build-project-configs' 372.97550000000047ms
[NX v23.1.1 Daemon Server] - 2026-08-01T08:20:42.866Z - Time taken for 'createNodes:merge' 0.5621249999967404ms
Time taken for 'build typescript dependencies' 0.5597500000000082ms
[isolated-plugin] shutting down worker for "nx/js/dependencies-and-lockfile" after createDependencies
[NX v23.1.1 Daemon Server] - 2026-08-01T08:20:42.870Z - [SYNC]: collect registered sync generators
[NX v23.1.1 Daemon Server] - 2026-08-01T08:20:42.870Z - [SYNC]: project graph hash is the same, not collecting task sync generators
[NX v23.1.1 Daemon Server] - 2026-08-01T08:20:42.870Z - [SYNC]: nx.json hash is the same, not collecting global sync generators
[NX v23.1.1 Daemon Server] - 2026-08-01T08:20:42.871Z - Wrote project graph cache to /Users/jaybell/WebstormProjects/jaybell.me/.nx/workspace-data/project-graph.json
[NX v23.1.1 Daemon Server] - 2026-08-01T08:20:42.871Z - Time taken for 'total execution time for createProjectGraph()' 4.666499999992084ms
[NX v23.1.1 Daemon Server] - 2026-08-01T08:20:42.871Z - Time taken for 'createDependencies' 4.01249999999709ms
[NX v23.1.1 Daemon Server] - 2026-08-01T08:20:42.871Z - Time taken for 'nx/js/dependencies-and-lockfile:createDependencies' 3.976542000003974ms
[NX v23.1.1 Daemon Server] - 2026-08-01T08:20:42.871Z - Time taken for 'createMetadata' 0.005000000004656613ms
[NX v23.1.1 Daemon Server] - 2026-08-01T08:20:42.871Z - Time taken for 'serialize graph' 0.736750000010943ms
[NX v23.1.1 Daemon Server] - 2026-08-01T08:20:42.871Z - Time taken for 'write cache' 1.1297090000007302ms
DEBUG nx::native::watch::watcher: idle-window emitting events count=2
DEBUG nx::native::watch::watcher:   [create] .gitignore
DEBUG nx::native::watch::watcher:   [delete] .gitignore.2751-13.cc-edit.tmp
[NX v23.1.1 Daemon Server] - 2026-08-01T08:20:46.920Z - [WATCHER]: 1 file(s) created or restored, 0 file(s) modified, 1 file(s) deleted
[NX v23.1.1 Daemon Server] - 2026-08-01T08:20:46.920Z - [WATCHER]: [watcher] routeWorkspaceChanges batch: 2 events: create:.gitignore, delete:.gitignore.2751-13.cc-edit.tmp
[NX v23.1.1 Daemon Server] - 2026-08-01T08:20:46.920Z - [WATCHER]: File changes detected:
Created:
  - .gitignore
Updated:
(none)
Deleted:
  - .gitignore.2751-13.cc-edit.tmp
[NX v23.1.1 Daemon Server] - 2026-08-01T08:20:46.920Z - [SYNC]: clearing sync generators cache due to file changes
[NX v23.1.1 Daemon Server] - 2026-08-01T08:20:46.920Z - [REQUEST]: Updated workspace context based on watched changes, recomputing project graph...
[NX v23.1.1 Daemon Server] - 2026-08-01T08:20:46.920Z - [REQUEST]: .gitignore
[NX v23.1.1 Daemon Server] - 2026-08-01T08:20:46.920Z - [REQUEST]: .gitignore.2751-13.cc-edit.tmp
DEBUG nx::native::watch::watcher: watching stopped origin=/Users/jaybell/WebstormProjects/jaybell.me
[plugin-client] restarting worker for "nx/js/dependencies-and-lockfile"
[isolated-plugin] spawned worker for "nx/js/dependencies-and-lockfile" (pid: 21608, socket: /private/tmp/plugin20052-21-90547.931042.sock)
[plugin-client] restarting worker for "nx/core/package-json"
DEBUG nx::native::watch::watcher: idle-window emitting events count=2
DEBUG nx::native::watch::watcher:   [delete] .gitignore.2751-13.cc-edit.tmp
DEBUG nx::native::watch::watcher:   [create] .gitignore
[isolated-plugin] spawned worker for "nx/core/package-json" (pid: 21609, socket: /private/tmp/plugin20052-22-90548.642417.sock)
[plugin-client] restarting worker for "nx/core/project-json"
[isolated-plugin] spawned worker for "nx/core/project-json" (pid: 21610, socket: /private/tmp/plugin20052-23-90549.026042.sock)
[NX v23.1.1 Daemon Server] - 2026-08-01T08:20:46.922Z - Time taken for 'hash changed files from watcher' 0.06716600000800099ms
[NX v23.1.1 Daemon Server] - 2026-08-01T08:20:46.923Z - [WATCHER]: Processing file changes in outputs
[NX v23.1.1 Daemon Server] - 2026-08-01T08:20:46.923Z - [WATCHER]: Stopping the watcher for /Users/jaybell/WebstormProjects/jaybell.me (sources)
DEBUG nx::native::watch::watcher: watching stopped origin=/Users/jaybell/WebstormProjects/jaybell.me
[NX v23.1.1 Daemon Server] - 2026-08-01T08:20:46.923Z - [WATCHER]: Stopping the watcher for /Users/jaybell/WebstormProjects/jaybell.me (outputs)
[NX v23.1.1 Daemon Server] - 2026-08-01T08:20:46.923Z - [LATEST-NX]: Cleaning up latest Nx installation from /private/tmp/tmp-20052-zID1IZt5RRgN
[NX v23.1.1 Daemon Server] - 2026-08-01T08:20:46.923Z - Server stopped because: "Stopping the daemon the set of ignored files changed (native)"
[NX v23.1.1 Daemon Client] - 2026-08-01T08:22:14.628Z - [Client] Starting new daemon server in background
[NX v23.1.1 Daemon Client] - 2026-08-01T08:22:14.630Z - [Client] Waiting for server (max: 6000 attempts, 10ms interval)
DEBUG nx::native::watch::watcher: watching started origin=/Users/jaybell/WebstormProjects/jaybell.me
[NX v23.1.1 Daemon Server] - 2026-08-01T08:22:14.795Z - [WATCHER]: Subscribed to changes within: /Users/jaybell/WebstormProjects/jaybell.me (native)
[NX v23.1.1 Daemon Server] - 2026-08-01T08:22:14.796Z - New daemon starting from: /Users/jaybell/WebstormProjects/jaybell.me/node_modules/.pnpm/nx@23.1.1/node_modules/nx/dist/src/daemon/server/server.js
[NX v23.1.1 Daemon Server] - 2026-08-01T08:22:14.796Z - New daemon __dirname: /Users/jaybell/WebstormProjects/jaybell.me/node_modules/.pnpm/nx@23.1.1/node_modules/nx/dist/src/daemon/server
[NX v23.1.1 Daemon Server] - 2026-08-01T08:22:14.796Z - New daemon nxVersion: 23.1.1
[NX v23.1.1 Daemon Server] - 2026-08-01T08:22:14.796Z - New daemon getInstalledNxVersion(): 23.1.1
[NX v23.1.1 Daemon Server] - 2026-08-01T08:22:14.797Z - Time taken for 'workspace context init' 0.10149999999998727ms
[NX v23.1.1 Daemon Server] - 2026-08-01T08:22:14.798Z - [Server] Starting outdated check interval (20ms)
[NX v23.1.1 Daemon Server] - 2026-08-01T08:22:14.798Z - Started listening on: /private/tmp/e9f36d8a4160ea5bc774/d.sock
DEBUG nx::native::watch::watcher: watching started origin=/Users/jaybell/WebstormProjects/jaybell.me
[NX v23.1.1 Daemon Server] - 2026-08-01T08:22:14.801Z - [LATEST-NX]: Pulling latest Nx...
[NX v23.1.1 Daemon Server] - 2026-08-01T08:22:14.803Z - [AI-AGENTS]: Starting agent configuration status computation
[isolated-plugin] spawned worker for "/Users/jaybell/WebstormProjects/jaybell.me/node_modules/.pnpm/nx@23.1.1/node_modules/nx/dist/src/plugins/js" (pid: 22718, socket: /private/tmp/plugin22716-0-153.770875.sock)
[isolated-plugin] spawned worker for "/Users/jaybell/WebstormProjects/jaybell.me/node_modules/.pnpm/nx@23.1.1/node_modules/nx/dist/src/plugins/package-json" (pid: 22719, socket: /private/tmp/plugin22716-1-154.64925.sock)
[isolated-plugin] spawned worker for "/Users/jaybell/WebstormProjects/jaybell.me/node_modules/.pnpm/nx@23.1.1/node_modules/nx/dist/src/plugins/project-json/build-nodes/project-json" (pid: 22720, socket: /private/tmp/plugin22716-2-155.070875.sock)
[NX v23.1.1 Daemon Server] - 2026-08-01T08:22:14.805Z - Time taken for 'hash changed files from watcher' 0.00837500000000091ms
[NX v23.1.1 Daemon Server] - 2026-08-01T08:22:14.806Z - Time taken for 'loadSpecifiedNxPlugins' 3.7547500000000014ms
[NX v23.1.1 Daemon Client] - 2026-08-01T08:22:14.805Z - [Client] Server available
[NX v23.1.1 Daemon Client] - 2026-08-01T08:22:14.806Z - [Client] Daemon server started, pid=22716
[NX v23.1.1 Daemon Client] - 2026-08-01T08:22:14.806Z - [Messenger] Setting up socket listeners
[NX v23.1.1 Daemon Server] - 2026-08-01T08:22:14.806Z - Established a connection. Number of open connections: 1
[NX v23.1.1 Daemon Client] - 2026-08-01T08:22:14.806Z - [Messenger] listen() complete
[NX v23.1.1 Daemon Server] - 2026-08-01T08:22:14.806Z - Established a connection. Number of open connections: 2
[NX v23.1.1 Daemon Server] - 2026-08-01T08:22:14.806Z - Closed a connection. Number of open connections: 1
[NX v23.1.1 Daemon Client] - 2026-08-01T08:22:14.814Z - [Messenger] Sending message type: REQUEST_PROJECT_GRAPH
[NX v23.1.1 Daemon Client] - 2026-08-01T08:22:14.814Z - [Messenger] Message sent
[NX v23.1.1 Daemon Server] - 2026-08-01T08:22:14.815Z - Received raw message of length 3607
[NX v23.1.1 Daemon Server] - 2026-08-01T08:22:14.815Z - Received json message of type REQUEST_PROJECT_GRAPH
[NX v23.1.1 Daemon Server] - 2026-08-01T08:22:14.815Z - [REQUEST]: Client Request for Project Graph Received
DEBUG nx::native::watch::watcher: force-flush END count=0 replies=1 elapsed=62.408875ms
[NX v23.1.1 Daemon Server] - 2026-08-01T08:22:14.878Z - Reusing in-memory cached project graph because no files changed.
[plugin-worker] "/Users/jaybell/WebstormProjects/jaybell.me/node_modules/.pnpm/nx@23.1.1/node_modules/nx/dist/src/plugins/project-json/build-nodes/project-json" (pid: 22720) listening on /private/tmp/plugin22716-2-155.070875.sock
[plugin-worker] "/Users/jaybell/WebstormProjects/jaybell.me/node_modules/.pnpm/nx@23.1.1/node_modules/nx/dist/src/plugins/js" (pid: 22718) listening on /private/tmp/plugin22716-0-153.770875.sock
[plugin-worker] "/Users/jaybell/WebstormProjects/jaybell.me/node_modules/.pnpm/nx@23.1.1/node_modules/nx/dist/src/plugins/package-json" (pid: 22719) listening on /private/tmp/plugin22716-1-154.64925.sock
Time taken for 'plugin worker 22719 code loading' 60.12124999999999ms
Time taken for 'plugin worker 22720 code loading' 60.130250000000004ms
Time taken for 'plugin worker 22718 code loading' 60.102667ms
DEBUG nx::native::watch::watcher: idle-window emitting events count=1
DEBUG nx::native::watch::watcher:   [create] .nx/workspace-data/d/server-process.json
[NX v23.1.1 Daemon Server] - 2026-08-01T08:22:14.911Z - [WATCHER]: Processing file changes in outputs
[isolated-plugin] connected to worker for "/Users/jaybell/WebstormProjects/jaybell.me/node_modules/.pnpm/nx@23.1.1/node_modules/nx/dist/src/plugins/js" (pid: 22718)
[isolated-plugin] connected to worker for "/Users/jaybell/WebstormProjects/jaybell.me/node_modules/.pnpm/nx@23.1.1/node_modules/nx/dist/src/plugins/package-json" (pid: 22719)
[isolated-plugin] connected to worker for "/Users/jaybell/WebstormProjects/jaybell.me/node_modules/.pnpm/nx@23.1.1/node_modules/nx/dist/src/plugins/project-json/build-nodes/project-json" (pid: 22720)
[NX v23.1.1 Daemon Server] - 2026-08-01T08:22:14.913Z - Time taken for 'start-plugin-worker:/Users/jaybell/WebstormProjects/jaybell.me/node_modules/.pnpm/nx@23.1.1/node_modules/nx/dist/src/plugins/js' 109.47795900000003ms
[NX v23.1.1 Daemon Server] - 2026-08-01T08:22:14.913Z - Time taken for 'start-plugin-worker:/Users/jaybell/WebstormProjects/jaybell.me/node_modules/.pnpm/nx@23.1.1/node_modules/nx/dist/src/plugins/package-json' 108.98470900000001ms
[NX v23.1.1 Daemon Server] - 2026-08-01T08:22:14.913Z - Time taken for 'start-plugin-worker:/Users/jaybell/WebstormProjects/jaybell.me/node_modules/.pnpm/nx@23.1.1/node_modules/nx/dist/src/plugins/project-json/build-nodes/project-json' 108.63912499999998ms
[plugin-worker] "/Users/jaybell/WebstormProjects/jaybell.me/node_modules/.pnpm/nx@23.1.1/node_modules/nx/dist/src/plugins/js" (pid: 22718) connected
[plugin-worker] "/Users/jaybell/WebstormProjects/jaybell.me/node_modules/.pnpm/nx@23.1.1/node_modules/nx/dist/src/plugins/package-json" (pid: 22719) connected
[plugin-worker] "/Users/jaybell/WebstormProjects/jaybell.me/node_modules/.pnpm/nx@23.1.1/node_modules/nx/dist/src/plugins/project-json/build-nodes/project-json" (pid: 22720) connected
[plugin-worker] "/Users/jaybell/WebstormProjects/jaybell.me/node_modules/.pnpm/nx@23.1.1/node_modules/nx/dist/src/plugins/project-json/build-nodes/project-json" (pid: 22720) loaded successfully
[NX v23.1.1 Daemon Server] - 2026-08-01T08:22:14.915Z - Time taken for 'Load Nx Plugin: /Users/jaybell/WebstormProjects/jaybell.me/node_modules/.pnpm/nx@23.1.1/node_modules/nx/dist/src/plugins/project-json/build-nodes/project-json' 113.964ms
[plugin-worker] "/Users/jaybell/WebstormProjects/jaybell.me/node_modules/.pnpm/nx@23.1.1/node_modules/nx/dist/src/plugins/package-json" (pid: 22719) loaded successfully
[NX v23.1.1 Daemon Server] - 2026-08-01T08:22:14.916Z - Time taken for 'Load Nx Plugin: /Users/jaybell/WebstormProjects/jaybell.me/node_modules/.pnpm/nx@23.1.1/node_modules/nx/dist/src/plugins/package-json' 115.176916ms
[plugin-worker] "/Users/jaybell/WebstormProjects/jaybell.me/node_modules/.pnpm/nx@23.1.1/node_modules/nx/dist/src/plugins/js" (pid: 22718) loaded successfully
[NX v23.1.1 Daemon Server] - 2026-08-01T08:22:14.921Z - [REQUEST]: Updated workspace context based on watched changes, recomputing project graph...
[NX v23.1.1 Daemon Server] - 2026-08-01T08:22:14.921Z - [REQUEST]: 
[NX v23.1.1 Daemon Server] - 2026-08-01T08:22:14.921Z - [REQUEST]: 
[NX v23.1.1 Daemon Server] - 2026-08-01T08:22:14.922Z - Streaming message to client: progress update for topic graph-construction
[NX v23.1.1 Daemon Client] - 2026-08-01T08:22:14.922Z - [Messenger] Received message, length: 47
[NX v23.1.1 Daemon Server] - 2026-08-01T08:22:14.922Z - Time taken for 'loadDefaultNxPlugins' 120.40300000000002ms
[NX v23.1.1 Daemon Server] - 2026-08-01T08:22:14.922Z - Time taken for 'Load Nx Plugin: /Users/jaybell/WebstormProjects/jaybell.me/node_modules/.pnpm/nx@23.1.1/node_modules/nx/dist/src/plugins/js' 120.31729199999998ms
[isolated-plugin] shutting down worker for "nx/core/project-json" after createNodes
[NX v23.1.1 Daemon Server] - 2026-08-01T08:22:14.923Z - Streaming message to client: progress update for topic graph-construction
[NX v23.1.1 Daemon Client] - 2026-08-01T08:22:14.923Z - [Messenger] Received message, length: 153
Time taken for 'nx/js/dependencies-and-lockfile:createNodes' 2.3037920000000014ms
[NX v23.1.1 Daemon Server] - 2026-08-01T08:22:14.926Z - Streaming message to client: progress update for topic graph-construction
[NX v23.1.1 Daemon Client] - 2026-08-01T08:22:14.926Z - [Messenger] Received message, length: 101
[isolated-plugin] shutting down worker for "nx/core/package-json" after createNodes
[NX v23.1.1 Daemon Server] - 2026-08-01T08:22:15.137Z - Streaming message to client: progress update for topic graph-construction
[NX v23.1.1 Daemon Client] - 2026-08-01T08:22:15.138Z - [Messenger] Received message, length: 47
[NX v23.1.1 Daemon Server] - 2026-08-01T08:22:15.144Z - Streaming message to client: progress update for topic graph-construction
[NX v23.1.1 Daemon Client] - 2026-08-01T08:22:15.144Z - [Messenger] Received message, length: 47
[NX v23.1.1 Daemon Server] - 2026-08-01T08:22:15.145Z - Time taken for 'build-project-configs' 219.41945900000002ms
[NX v23.1.1 Daemon Server] - 2026-08-01T08:22:15.145Z - Time taken for 'createNodes:merge' 3.658790999999951ms
[NX v23.1.1 Daemon Server] - 2026-08-01T08:22:15.145Z - Time taken for 'native-file-deps' 0.001125000000001819ms
[NX v23.1.1 Daemon Server] - 2026-08-01T08:22:15.145Z - Time taken for 'get-workspace-files' 0.20587499999999181ms
[NX v23.1.1 Daemon Server] - 2026-08-01T08:22:15.145Z - Time taken for 'read cache' 0.7921249999999986ms
Time taken for 'build typescript dependencies' 0.5777919999999881ms
[isolated-plugin] shutting down worker for "nx/js/dependencies-and-lockfile" after createDependencies
[NX v23.1.1 Daemon Server] - 2026-08-01T08:22:15.148Z - Streaming message to client: progress update for topic graph-construction
[NX v23.1.1 Daemon Client] - 2026-08-01T08:22:15.148Z - [Messenger] Received message, length: 47
[NX v23.1.1 Daemon Server] - 2026-08-01T08:22:15.150Z - [SYNC]: collect registered sync generators
[NX v23.1.1 Daemon Server] - 2026-08-01T08:22:15.151Z - Wrote project graph cache to /Users/jaybell/WebstormProjects/jaybell.me/.nx/workspace-data/project-graph.json
[NX v23.1.1 Daemon Server] - 2026-08-01T08:22:15.151Z - Serializing response for REQUEST_PROJECT_GRAPH message in json mode
[NX v23.1.1 Daemon Server] - 2026-08-01T08:22:15.151Z - Responding to REQUEST_PROJECT_GRAPH message
[NX v23.1.1 Daemon Server] - 2026-08-01T08:22:15.151Z - [REQUEST]: Responding to the client. project-graph
[NX v23.1.1 Daemon Server] - 2026-08-01T08:22:15.151Z - Time taken for 'total for creating and serializing project graph' 335.808584ms
[NX v23.1.1 Daemon Server] - 2026-08-01T08:22:15.151Z - Time taken for 'total execution time for createProjectGraph()' 7.568499999999972ms
[NX v23.1.1 Daemon Server] - 2026-08-01T08:22:15.151Z - Time taken for 'createDependencies' 4.899916000000019ms
[NX v23.1.1 Daemon Server] - 2026-08-01T08:22:15.151Z - Time taken for 'nx/js/dependencies-and-lockfile:createDependencies' 4.755375000000015ms
[NX v23.1.1 Daemon Server] - 2026-08-01T08:22:15.151Z - Time taken for 'createMetadata' 0.008333999999990738ms
[NX v23.1.1 Daemon Server] - 2026-08-01T08:22:15.151Z - Time taken for 'serialize graph' 0.4473340000000121ms
[NX v23.1.1 Daemon Server] - 2026-08-01T08:22:15.152Z - Time taken for 'write cache' 1.204999999999984ms
[NX v23.1.1 Daemon Server] - 2026-08-01T08:22:15.152Z - Done responding to the client project-graph
[NX v23.1.1 Daemon Server] - 2026-08-01T08:22:15.152Z - Handled json message REQUEST_PROJECT_GRAPH. Handling time: 336. Response time: 1.
[NX v23.1.1 Daemon Client] - 2026-08-01T08:22:15.152Z - [Messenger] Received message, length: 283837
[NX v23.1.1 Daemon Client] - 2026-08-01T08:22:15.155Z - [Messenger] Sending message type: PRE_TASKS_EXECUTION
[NX v23.1.1 Daemon Client] - 2026-08-01T08:22:15.155Z - [Messenger] Message sent
[NX v23.1.1 Daemon Server] - 2026-08-01T08:22:15.155Z - Received raw message of length 714
[NX v23.1.1 Daemon Server] - 2026-08-01T08:22:15.155Z - Received json message of type PRE_TASKS_EXECUTION
[NX v23.1.1 Daemon Server] - 2026-08-01T08:22:15.156Z - Serializing response for PRE_TASKS_EXECUTION message in json mode
[NX v23.1.1 Daemon Server] - 2026-08-01T08:22:15.156Z - Responding to PRE_TASKS_EXECUTION message
[NX v23.1.1 Daemon Server] - 2026-08-01T08:22:15.156Z - [REQUEST]: Responding to the client. handleRunPreTasksExecution
[NX v23.1.1 Daemon Server] - 2026-08-01T08:22:15.156Z - Done responding to the client handleRunPreTasksExecution
[NX v23.1.1 Daemon Server] - 2026-08-01T08:22:15.156Z - Handled json message PRE_TASKS_EXECUTION. Handling time: 1. Response time: 0.
[NX v23.1.1 Daemon Server] - 2026-08-01T08:22:15.156Z - Time taken for 'preTasksExecution' 0.4044590000000312ms
[NX v23.1.1 Daemon Client] - 2026-08-01T08:22:15.156Z - [Messenger] Received message, length: 2
[NX v23.1.1 Daemon Client] - 2026-08-01T08:22:15.389Z - [Messenger] Sending message type: HASH_TASKS
[NX v23.1.1 Daemon Client] - 2026-08-01T08:22:15.389Z - [Messenger] Message sent
[NX v23.1.1 Daemon Server] - 2026-08-01T08:22:15.389Z - Received raw message of length 9378
[NX v23.1.1 Daemon Server] - 2026-08-01T08:22:15.389Z - Received json message of type HASH_TASKS
DEBUG nx::native::watch::watcher: force-flush END count=0 replies=1 elapsed=62.793792ms
[NX v23.1.1 Daemon Server] - 2026-08-01T08:22:15.452Z - Reusing in-memory cached project graph because no files changed.
DEBUG nx::native::tasks::hash_planner: get_plans_internal COMPLETED in 1.00975ms - processed 2 tasks (setup: 434.542µs, parallel_planning: 573.917µs, pool: 692 unique instructions)
DEBUG nx::native::tasks::hashers::hash_workspace_files: Hashing workspace fileset: Adding "17205265668418528398" (".gitignore") to hash
DEBUG nx::native::tasks::hashers::hash_workspace_files: Hashing workspace fileset: Adding "16829365538347415742" ("nx.json") to hash
DEBUG nx::native::tasks::hashers::hash_workspace_files: Hashing workspace fileset: Hash Value: "2131520125112209476"
DEBUG nx::native::tasks::task_hasher: hash_plans COMPLETED in 1.72475ms - processed 2 plans (setup: 83.208µs, hashing: 1.641ms, assembly: 457.583µs)
[NX v23.1.1 Daemon Server] - 2026-08-01T08:22:15.457Z - Serializing response for HASH_TASKS message in json mode
[NX v23.1.1 Daemon Server] - 2026-08-01T08:22:15.457Z - Responding to HASH_TASKS message
[NX v23.1.1 Daemon Server] - 2026-08-01T08:22:15.457Z - [REQUEST]: Responding to the client. handleHashTasks
[NX v23.1.1 Daemon Server] - 2026-08-01T08:22:15.461Z - Done responding to the client handleHashTasks
[NX v23.1.1 Daemon Server] - 2026-08-01T08:22:15.461Z - Handled json message HASH_TASKS. Handling time: 68. Response time: 4.
[NX v23.1.1 Daemon Client] - 2026-08-01T08:22:15.461Z - [Messenger] Received message, length: 32802
Fetching nx...
[NX v23.1.1 Daemon Client] - 2026-08-01T08:22:15.494Z - [Messenger] Sending message type: GET_ESTIMATED_TASK_TIMINGS
[NX v23.1.1 Daemon Client] - 2026-08-01T08:22:15.495Z - [Messenger] Message sent
[NX v23.1.1 Daemon Server] - 2026-08-01T08:22:15.865Z - Received raw message of length 129
[NX v23.1.1 Daemon Server] - 2026-08-01T08:22:15.865Z - Received json message of type GET_ESTIMATED_TASK_TIMINGS
[NX v23.1.1 Daemon Server] - 2026-08-01T08:22:15.870Z - Serializing response for GET_ESTIMATED_TASK_TIMINGS message in json mode
[NX v23.1.1 Daemon Server] - 2026-08-01T08:22:15.870Z - Responding to GET_ESTIMATED_TASK_TIMINGS message
[NX v23.1.1 Daemon Server] - 2026-08-01T08:22:15.870Z - [REQUEST]: Responding to the client. handleGetEstimatedTaskTimings
[NX v23.1.1 Daemon Server] - 2026-08-01T08:22:15.870Z - Done responding to the client handleGetEstimatedTaskTimings
[NX v23.1.1 Daemon Server] - 2026-08-01T08:22:15.870Z - Handled json message GET_ESTIMATED_TASK_TIMINGS. Handling time: 5. Response time: 0.
[NX v23.1.1 Daemon Client] - 2026-08-01T08:22:15.870Z - [Messenger] Received message, length: 45
[NX v23.1.1 Daemon Client] - 2026-08-01T08:22:16.769Z - [Messenger] Sending message type: RECORD_OUTPUTS_HASH_BATCH
[NX v23.1.1 Daemon Client] - 2026-08-01T08:22:16.770Z - [Messenger] Message sent
[NX v23.1.1 Daemon Server] - 2026-08-01T08:22:16.770Z - Received raw message of length 95
[NX v23.1.1 Daemon Server] - 2026-08-01T08:22:16.770Z - Received json message of type RECORD_OUTPUTS_HASH_BATCH
[NX v23.1.1 Daemon Server] - 2026-08-01T08:22:16.773Z - Serializing response for RECORD_OUTPUTS_HASH_BATCH message in json mode
[NX v23.1.1 Daemon Server] - 2026-08-01T08:22:16.778Z - Responding to RECORD_OUTPUTS_HASH_BATCH message
[NX v23.1.1 Daemon Server] - 2026-08-01T08:22:16.779Z - [REQUEST]: Responding to the client. recordOutputsHashBatch
[NX v23.1.1 Daemon Server] - 2026-08-01T08:22:16.779Z - Done responding to the client recordOutputsHashBatch
[NX v23.1.1 Daemon Server] - 2026-08-01T08:22:16.779Z - Handled json message RECORD_OUTPUTS_HASH_BATCH. Handling time: 3. Response time: 6.
[NX v23.1.1 Daemon Client] - 2026-08-01T08:22:16.779Z - [Messenger] Received message, length: 2
[NX v23.1.1 Daemon Server] - 2026-08-01T08:22:16.804Z - [LATEST-NX]: Successfully pulled latest Nx to /private/tmp/tmp-22716-09rm5VpMm12s
[NX v23.1.1 Daemon Server] - 2026-08-01T08:22:16.805Z - [NX-CONSOLE]: Using local implementation (NX_USE_LOCAL=true or inner call)
DEBUG nx::native::ide::install: Detected editor: Unknown
[NX v23.1.1 Daemon Server] - 2026-08-01T08:22:16.810Z - [NX-CONSOLE]: Console status check completed, shouldPrompt: false
DEBUG nx::native::ide::install: Editor command 'code' not found
DEBUG nx::native::ide::install: Editor command 'code-insiders' not found
DEBUG nx::native::ide::install: Editor command 'cursor' not found
DEBUG nx::native::ide::install: Checking if Nx Console extension is installed with: cursor --list-extensions
DEBUG nx::native::ide::install: Command 'cursor' not found, cannot check extension status
[NX v23.1.1 Daemon Server] - 2026-08-01T08:22:16.814Z - [AI-AGENTS]: Agent configuration status computation completed: 0 fully configured, 0 outdated, 2 partially configured, 2 non-configured
DEBUG nx::native::watch::watcher: idle-window emitting events count=1
DEBUG nx::native::watch::watcher:   [create] gen/main.css
[NX v23.1.1 Daemon Server] - 2026-08-01T08:22:16.899Z - [WATCHER]: Processing file changes in outputs
[NX v23.1.1 Daemon Client] - 2026-08-01T08:22:18.084Z - [Messenger] Sending message type: RECORD_OUTPUTS_HASH_BATCH
[NX v23.1.1 Daemon Client] - 2026-08-01T08:22:18.084Z - [Messenger] Message sent
[NX v23.1.1 Daemon Server] - 2026-08-01T08:22:18.084Z - Received raw message of length 127
[NX v23.1.1 Daemon Server] - 2026-08-01T08:22:18.085Z - Received json message of type RECORD_OUTPUTS_HASH_BATCH
[NX v23.1.1 Daemon Server] - 2026-08-01T08:22:18.085Z - Serializing response for RECORD_OUTPUTS_HASH_BATCH message in json mode
[NX v23.1.1 Daemon Server] - 2026-08-01T08:22:18.085Z - Responding to RECORD_OUTPUTS_HASH_BATCH message
[NX v23.1.1 Daemon Server] - 2026-08-01T08:22:18.085Z - [REQUEST]: Responding to the client. recordOutputsHashBatch
[NX v23.1.1 Daemon Server] - 2026-08-01T08:22:18.085Z - Done responding to the client recordOutputsHashBatch
[NX v23.1.1 Daemon Server] - 2026-08-01T08:22:18.085Z - Handled json message RECORD_OUTPUTS_HASH_BATCH. Handling time: 0. Response time: 0.
[NX v23.1.1 Daemon Client] - 2026-08-01T08:22:18.085Z - [Messenger] Received message, length: 2
[NX v23.1.1 Daemon Client] - 2026-08-01T08:22:18.086Z - [Messenger] Sending message type: RECORD_TASK_RUNS
[NX v23.1.1 Daemon Client] - 2026-08-01T08:22:18.086Z - [Messenger] Message sent
[NX v23.1.1 Daemon Server] - 2026-08-01T08:22:18.086Z - Received raw message of length 376
[NX v23.1.1 Daemon Server] - 2026-08-01T08:22:18.086Z - Received json message of type RECORD_TASK_RUNS
[NX v23.1.1 Daemon Server] - 2026-08-01T08:22:18.086Z - Serializing response for RECORD_TASK_RUNS message in json mode
[NX v23.1.1 Daemon Server] - 2026-08-01T08:22:18.086Z - Responding to RECORD_TASK_RUNS message
[NX v23.1.1 Daemon Server] - 2026-08-01T08:22:18.086Z - [REQUEST]: Responding to the client. handleRecordTaskRuns
[NX v23.1.1 Daemon Server] - 2026-08-01T08:22:18.086Z - Done responding to the client handleRecordTaskRuns
[NX v23.1.1 Daemon Server] - 2026-08-01T08:22:18.086Z - Handled json message RECORD_TASK_RUNS. Handling time: 0. Response time: 0.
[NX v23.1.1 Daemon Client] - 2026-08-01T08:22:18.086Z - [Messenger] Received message, length: 4
[NX v23.1.1 Daemon Client] - 2026-08-01T08:22:18.086Z - [Messenger] Sending message type: GET_FLAKY_TASKS
[NX v23.1.1 Daemon Client] - 2026-08-01T08:22:18.086Z - [Messenger] Message sent
[NX v23.1.1 Daemon Server] - 2026-08-01T08:22:18.086Z - Received raw message of length 60
[NX v23.1.1 Daemon Server] - 2026-08-01T08:22:18.086Z - Received json message of type GET_FLAKY_TASKS
[NX v23.1.1 Daemon Server] - 2026-08-01T08:22:18.086Z - Serializing response for GET_FLAKY_TASKS message in json mode
[NX v23.1.1 Daemon Server] - 2026-08-01T08:22:18.086Z - Responding to GET_FLAKY_TASKS message
[NX v23.1.1 Daemon Server] - 2026-08-01T08:22:18.086Z - [REQUEST]: Responding to the client. handleGetFlakyTasks
[NX v23.1.1 Daemon Server] - 2026-08-01T08:22:18.086Z - Done responding to the client handleGetFlakyTasks
[NX v23.1.1 Daemon Server] - 2026-08-01T08:22:18.087Z - Handled json message GET_FLAKY_TASKS. Handling time: 0. Response time: 1.
[NX v23.1.1 Daemon Client] - 2026-08-01T08:22:18.087Z - [Messenger] Received message, length: 2
[NX v23.1.1 Daemon Server] - 2026-08-01T08:22:18.087Z - Established a connection. Number of open connections: 2
[NX v23.1.1 Daemon Client] - 2026-08-01T08:22:18.087Z - [Messenger] Sending message type: GET_CONFIGURE_AI_AGENTS_STATUS
[NX v23.1.1 Daemon Client] - 2026-08-01T08:22:18.087Z - [Messenger] Message sent
[NX v23.1.1 Daemon Server] - 2026-08-01T08:22:18.087Z - Closed a connection. Number of open connections: 1
[NX v23.1.1 Daemon Server] - 2026-08-01T08:22:18.087Z - Received raw message of length 41
[NX v23.1.1 Daemon Server] - 2026-08-01T08:22:18.087Z - Received json message of type GET_CONFIGURE_AI_AGENTS_STATUS
[NX v23.1.1 Daemon Server] - 2026-08-01T08:22:18.087Z - [AI-AGENTS]: Returning cached agent configuration status
[NX v23.1.1 Daemon Server] - 2026-08-01T08:22:18.087Z - Serializing response for GET_CONFIGURE_AI_AGENTS_STATUS message in json mode
[NX v23.1.1 Daemon Server] - 2026-08-01T08:22:18.087Z - Responding to GET_CONFIGURE_AI_AGENTS_STATUS message
[NX v23.1.1 Daemon Server] - 2026-08-01T08:22:18.087Z - [REQUEST]: Responding to the client. handleGetConfigureAiAgentsStatus
[NX v23.1.1 Daemon Server] - 2026-08-01T08:22:18.087Z - Done responding to the client handleGetConfigureAiAgentsStatus
[NX v23.1.1 Daemon Server] - 2026-08-01T08:22:18.087Z - Handled json message GET_CONFIGURE_AI_AGENTS_STATUS. Handling time: 0. Response time: 0.
[NX v23.1.1 Daemon Client] - 2026-08-01T08:22:18.087Z - [Messenger] Received message, length: 280
[NX v23.1.1 Daemon Client] - 2026-08-01T08:22:18.088Z - [Messenger] Sending message type: POST_TASKS_EXECUTION
[NX v23.1.1 Daemon Client] - 2026-08-01T08:22:18.088Z - [Messenger] Message sent
[NX v23.1.1 Daemon Server] - 2026-08-01T08:22:18.088Z - Received raw message of length 35434
[NX v23.1.1 Daemon Server] - 2026-08-01T08:22:18.089Z - Received json message of type POST_TASKS_EXECUTION
[NX v23.1.1 Daemon Server] - 2026-08-01T08:22:18.089Z - Serializing response for POST_TASKS_EXECUTION message in json mode
[NX v23.1.1 Daemon Server] - 2026-08-01T08:22:18.089Z - Responding to POST_TASKS_EXECUTION message
[NX v23.1.1 Daemon Server] - 2026-08-01T08:22:18.089Z - [REQUEST]: Responding to the client. handleRunPostTasksExecution
[NX v23.1.1 Daemon Server] - 2026-08-01T08:22:18.089Z - Done responding to the client handleRunPostTasksExecution
[NX v23.1.1 Daemon Server] - 2026-08-01T08:22:18.089Z - Handled json message POST_TASKS_EXECUTION. Handling time: 0. Response time: 0.
[NX v23.1.1 Daemon Client] - 2026-08-01T08:22:18.089Z - [Messenger] Received message, length: 4
[NX v23.1.1 Daemon Server] - 2026-08-01T08:22:18.089Z - Time taken for 'postTasksExecution' 0.09445899999991525ms
[NX v23.1.1 Daemon Server] - 2026-08-01T08:22:18.093Z - Closed a connection. Number of open connections: 0
DEBUG nx::native::watch::watcher: idle-window emitting events count=14
DEBUG nx::native::watch::watcher:   [create] _site/about/index.html
DEBUG nx::native::watch::watcher:   [create] _site/blog/index.html
DEBUG nx::native::watch::watcher:   [create] _site/css/main.css
DEBUG nx::native::watch::watcher:   [create] _site/favicon.ico
DEBUG nx::native::watch::watcher:   [create] _site/links/index.html
DEBUG nx::native::watch::watcher:   [create] _site/CNAME
DEBUG nx::native::watch::watcher:   [create] _site/robots.txt
DEBUG nx::native::watch::watcher:   [create] _site/404.html
DEBUG nx::native::watch::watcher:   [create] _site/podcast/index.html
DEBUG nx::native::watch::watcher:   [create] _site/assets/images/favicon.ico
DEBUG nx::native::watch::watcher:   [create] _site/feed.xml
DEBUG nx::native::watch::watcher:   [create] _site/assets/images/favicon.svg
DEBUG nx::native::watch::watcher:   [create] _site/index.html
DEBUG nx::native::watch::watcher:   [create] _site/assets/css/prism.css
[NX v23.1.1 Daemon Server] - 2026-08-01T08:22:18.180Z - [WATCHER]: Processing file changes in outputs
DEBUG nx::native::watch::watcher: idle-window emitting events count=1
DEBUG nx::native::watch::watcher:   [update] .idea/workspace.xml
[NX v23.1.1 Daemon Server] - 2026-08-01T08:23:33.538Z - [WATCHER]: Processing file changes in outputs
DEBUG nx::native::watch::watcher: idle-window emitting events count=1
DEBUG nx::native::watch::watcher: idle-window emitting events count=1
DEBUG nx::native::watch::watcher:   [create] .playwright-mcp/page-2026-08-01T08-23-33-935Z.yml
DEBUG nx::native::watch::watcher:   [create] .playwright-mcp/page-2026-08-01T08-23-33-935Z.yml
[NX v23.1.1 Daemon Server] - 2026-08-01T08:23:34.049Z - [WATCHER]: Processing file changes in outputs
[NX v23.1.1 Daemon Server] - 2026-08-01T08:23:34.050Z - [WATCHER]: .playwright-mcp/page-2026-08-01T08-23-33-935Z.yml was created or restored
[NX v23.1.1 Daemon Server] - 2026-08-01T08:23:34.050Z - [WATCHER]: [watcher] routeWorkspaceChanges batch: 1 events: create:.playwright-mcp/page-2026-08-01T08-23-33-935Z.yml
[NX v23.1.1 Daemon Server] - 2026-08-01T08:23:34.050Z - [WATCHER]: File changes detected:
Created:
  - .playwright-mcp/page-2026-08-01T08-23-33-935Z.yml
Updated:
(none)
Deleted:
(none)
[NX v23.1.1 Daemon Server] - 2026-08-01T08:23:34.050Z - [SYNC]: clearing sync generators cache due to file changes
[NX v23.1.1 Daemon Server] - 2026-08-01T08:23:34.050Z - [REQUEST]: Updated workspace context based on watched changes, recomputing project graph...
[NX v23.1.1 Daemon Server] - 2026-08-01T08:23:34.050Z - [REQUEST]: .playwright-mcp/page-2026-08-01T08-23-33-935Z.yml
[NX v23.1.1 Daemon Server] - 2026-08-01T08:23:34.050Z - [REQUEST]: 
[plugin-client] restarting worker for "nx/js/dependencies-and-lockfile"
[isolated-plugin] spawned worker for "nx/js/dependencies-and-lockfile" (pid: 23934, socket: /private/tmp/plugin22716-3-79402.237667.sock)
[plugin-client] restarting worker for "nx/core/package-json"
[isolated-plugin] spawned worker for "nx/core/package-json" (pid: 23935, socket: /private/tmp/plugin22716-4-79403.04175.sock)
[plugin-client] restarting worker for "nx/core/project-json"
[isolated-plugin] spawned worker for "nx/core/project-json" (pid: 23936, socket: /private/tmp/plugin22716-5-79403.435917.sock)
[NX v23.1.1 Daemon Server] - 2026-08-01T08:23:34.052Z - Time taken for 'hash changed files from watcher' 0.14883299999928568ms
[plugin-worker] "nx/core/package-json" (pid: 23935) listening on /private/tmp/plugin22716-4-79403.04175.sock
[plugin-worker] "nx/core/project-json" (pid: 23936) listening on /private/tmp/plugin22716-5-79403.435917.sock
[plugin-worker] "nx/js/dependencies-and-lockfile" (pid: 23934) listening on /private/tmp/plugin22716-3-79402.237667.sock
Time taken for 'plugin worker 23936 code loading' 246.43425ms
Time taken for 'plugin worker 23934 code loading' 246.402667ms
Time taken for 'plugin worker 23935 code loading' 246.43075ms
[isolated-plugin] connected to worker for "nx/js/dependencies-and-lockfile" (pid: 23934)
[isolated-plugin] connected to worker for "nx/core/package-json" (pid: 23935)
[isolated-plugin] connected to worker for "nx/core/project-json" (pid: 23936)
[NX v23.1.1 Daemon Server] - 2026-08-01T08:23:34.364Z - Time taken for 'start-plugin-worker:nx/js/dependencies-and-lockfile' 312.67583300000115ms
[NX v23.1.1 Daemon Server] - 2026-08-01T08:23:34.364Z - Time taken for 'start-plugin-worker:nx/core/package-json' 312.4245410000003ms
[NX v23.1.1 Daemon Server] - 2026-08-01T08:23:34.364Z - Time taken for 'start-plugin-worker:nx/core/project-json' 312.1032089999935ms
[plugin-worker] "nx/core/package-json" (pid: 23935) connected
[plugin-worker] "nx/core/project-json" (pid: 23936) connected
[plugin-worker] "nx/js/dependencies-and-lockfile" (pid: 23934) connected
[plugin-worker] "nx/core/project-json" (pid: 23936) loaded successfully
[plugin-worker] "nx/core/package-json" (pid: 23935) loaded successfully
[isolated-plugin] shutting down worker for "nx/core/project-json" after createNodes
[plugin-worker] "nx/js/dependencies-and-lockfile" (pid: 23934) loaded successfully
Time taken for 'nx/js/dependencies-and-lockfile:createNodes' 2.5411659999999756ms
[isolated-plugin] shutting down worker for "nx/core/package-json" after createNodes
[NX v23.1.1 Daemon Server] - 2026-08-01T08:23:34.866Z - Time taken for 'build-project-configs' 813.7356660000078ms
[NX v23.1.1 Daemon Server] - 2026-08-01T08:23:34.866Z - Time taken for 'createNodes:merge' 1.2367499999963911ms
Time taken for 'build typescript dependencies' 0.7384580000000369ms
[isolated-plugin] shutting down worker for "nx/js/dependencies-and-lockfile" after createDependencies
[NX v23.1.1 Daemon Server] - 2026-08-01T08:23:34.877Z - [SYNC]: collect registered sync generators
[NX v23.1.1 Daemon Server] - 2026-08-01T08:23:34.877Z - [SYNC]: project graph hash is the same, not collecting task sync generators
[NX v23.1.1 Daemon Server] - 2026-08-01T08:23:34.877Z - [SYNC]: nx.json hash is the same, not collecting global sync generators
[NX v23.1.1 Daemon Server] - 2026-08-01T08:23:34.883Z - Wrote project graph cache to /Users/jaybell/WebstormProjects/jaybell.me/.nx/workspace-data/project-graph.json
[NX v23.1.1 Daemon Server] - 2026-08-01T08:23:34.883Z - Time taken for 'total execution time for createProjectGraph()' 11.910124999994878ms
[NX v23.1.1 Daemon Server] - 2026-08-01T08:23:34.883Z - Time taken for 'createDependencies' 10.891709000003175ms
[NX v23.1.1 Daemon Server] - 2026-08-01T08:23:34.883Z - Time taken for 'nx/js/dependencies-and-lockfile:createDependencies' 10.825499999991735ms
[NX v23.1.1 Daemon Server] - 2026-08-01T08:23:34.883Z - Time taken for 'createMetadata' 0.008165999999619089ms
[NX v23.1.1 Daemon Server] - 2026-08-01T08:23:34.883Z - Time taken for 'serialize graph' 0.6554579999938142ms
[NX v23.1.1 Daemon Server] - 2026-08-01T08:23:34.883Z - Time taken for 'write cache' 5.784083999998984ms
DEBUG nx::native::watch::watcher: idle-window emitting events count=1
DEBUG nx::native::watch::watcher: idle-window emitting events count=1
DEBUG nx::native::watch::watcher:   [create] .playwright-mcp/page-2026-08-01T08-23-42-546Z.png
DEBUG nx::native::watch::watcher:   [create] .playwright-mcp/page-2026-08-01T08-23-42-546Z.png
[NX v23.1.1 Daemon Server] - 2026-08-01T08:23:42.663Z - [WATCHER]: Processing file changes in outputs
[NX v23.1.1 Daemon Server] - 2026-08-01T08:23:42.663Z - [WATCHER]: .playwright-mcp/page-2026-08-01T08-23-42-546Z.png was created or restored
[NX v23.1.1 Daemon Server] - 2026-08-01T08:23:42.663Z - [WATCHER]: [watcher] routeWorkspaceChanges batch: 1 events: create:.playwright-mcp/page-2026-08-01T08-23-42-546Z.png
[NX v23.1.1 Daemon Server] - 2026-08-01T08:23:42.663Z - [WATCHER]: File changes detected:
Created:
  - .playwright-mcp/page-2026-08-01T08-23-42-546Z.png
Updated:
(none)
Deleted:
(none)
[NX v23.1.1 Daemon Server] - 2026-08-01T08:23:42.664Z - [SYNC]: clearing sync generators cache due to file changes
[NX v23.1.1 Daemon Server] - 2026-08-01T08:23:42.664Z - [REQUEST]: Updated workspace context based on watched changes, recomputing project graph...
[NX v23.1.1 Daemon Server] - 2026-08-01T08:23:42.664Z - [REQUEST]: .playwright-mcp/page-2026-08-01T08-23-42-546Z.png
[NX v23.1.1 Daemon Server] - 2026-08-01T08:23:42.664Z - [REQUEST]: 
[plugin-client] restarting worker for "nx/js/dependencies-and-lockfile"
[isolated-plugin] spawned worker for "nx/js/dependencies-and-lockfile" (pid: 24130, socket: /private/tmp/plugin22716-6-88015.529292.sock)
[plugin-client] restarting worker for "nx/core/package-json"
[isolated-plugin] spawned worker for "nx/core/package-json" (pid: 24131, socket: /private/tmp/plugin22716-7-88016.445459.sock)
[plugin-client] restarting worker for "nx/core/project-json"
[isolated-plugin] spawned worker for "nx/core/project-json" (pid: 24132, socket: /private/tmp/plugin22716-8-88016.847334.sock)
[NX v23.1.1 Daemon Server] - 2026-08-01T08:23:42.666Z - Time taken for 'hash changed files from watcher' 0.1436660000035772ms
[plugin-worker] "nx/js/dependencies-and-lockfile" (pid: 24130) listening on /private/tmp/plugin22716-6-88015.529292.sock
[plugin-worker] "nx/core/project-json" (pid: 24132) listening on /private/tmp/plugin22716-8-88016.847334.sock
[plugin-worker] "nx/core/package-json" (pid: 24131) listening on /private/tmp/plugin22716-7-88016.445459.sock
Time taken for 'plugin worker 24132 code loading' 73.85025ms
Time taken for 'plugin worker 24131 code loading' 71.035584ms
Time taken for 'plugin worker 24130 code loading' 73.81633300000001ms
[isolated-plugin] connected to worker for "nx/js/dependencies-and-lockfile" (pid: 24130)
[isolated-plugin] connected to worker for "nx/core/package-json" (pid: 24131)
[isolated-plugin] connected to worker for "nx/core/project-json" (pid: 24132)
[NX v23.1.1 Daemon Server] - 2026-08-01T08:23:42.787Z - Time taken for 'start-plugin-worker:nx/js/dependencies-and-lockfile' 123.05183299999044ms
[NX v23.1.1 Daemon Server] - 2026-08-01T08:23:42.787Z - Time taken for 'start-plugin-worker:nx/core/package-json' 122.26362500000687ms
[NX v23.1.1 Daemon Server] - 2026-08-01T08:23:42.788Z - Time taken for 'start-plugin-worker:nx/core/project-json' 121.94354100000055ms
[plugin-worker] "nx/core/package-json" (pid: 24131) connected
[plugin-worker] "nx/core/project-json" (pid: 24132) connected
[plugin-worker] "nx/js/dependencies-and-lockfile" (pid: 24130) connected
[plugin-worker] "nx/core/project-json" (pid: 24132) loaded successfully
[plugin-worker] "nx/core/package-json" (pid: 24131) loaded successfully
[isolated-plugin] shutting down worker for "nx/core/project-json" after createNodes
[plugin-worker] "nx/js/dependencies-and-lockfile" (pid: 24130) loaded successfully
Time taken for 'nx/js/dependencies-and-lockfile:createNodes' 1.6925000000000097ms
[isolated-plugin] shutting down worker for "nx/core/package-json" after createNodes
[NX v23.1.1 Daemon Server] - 2026-08-01T08:23:43.006Z - Time taken for 'build-project-configs' 341.3511670000007ms
[NX v23.1.1 Daemon Server] - 2026-08-01T08:23:43.006Z - Time taken for 'createNodes:merge' 0.5339160000003176ms
Time taken for 'build typescript dependencies' 0.5701660000000288ms
[isolated-plugin] shutting down worker for "nx/js/dependencies-and-lockfile" after createDependencies
[NX v23.1.1 Daemon Server] - 2026-08-01T08:23:43.011Z - [SYNC]: collect registered sync generators
[NX v23.1.1 Daemon Server] - 2026-08-01T08:23:43.011Z - [SYNC]: project graph hash is the same, not collecting task sync generators
[NX v23.1.1 Daemon Server] - 2026-08-01T08:23:43.011Z - [SYNC]: nx.json hash is the same, not collecting global sync generators
[NX v23.1.1 Daemon Server] - 2026-08-01T08:23:43.012Z - Wrote project graph cache to /Users/jaybell/WebstormProjects/jaybell.me/.nx/workspace-data/project-graph.json
[NX v23.1.1 Daemon Server] - 2026-08-01T08:23:43.012Z - Time taken for 'total execution time for createProjectGraph()' 4.9287919999915175ms
[NX v23.1.1 Daemon Server] - 2026-08-01T08:23:43.012Z - Time taken for 'createDependencies' 4.278582999992068ms
[NX v23.1.1 Daemon Server] - 2026-08-01T08:23:43.012Z - Time taken for 'nx/js/dependencies-and-lockfile:createDependencies' 4.2404590000078315ms
[NX v23.1.1 Daemon Server] - 2026-08-01T08:23:43.012Z - Time taken for 'createMetadata' 0.0045839999947929755ms
[NX v23.1.1 Daemon Server] - 2026-08-01T08:23:43.012Z - Time taken for 'serialize graph' 0.40966600000683684ms
[NX v23.1.1 Daemon Server] - 2026-08-01T08:23:43.012Z - Time taken for 'write cache' 1.2593749999941792ms
DEBUG nx::native::watch::watcher: idle-window emitting events count=1
DEBUG nx::native::watch::watcher:   [create] .playwright-mcp/page-2026-08-01T08-24-05-743Z.yml
[NX v23.1.1 Daemon Server] - 2026-08-01T08:24:05.876Z - [WATCHER]: .playwright-mcp/page-2026-08-01T08-24-05-743Z.yml was created or restored
[NX v23.1.1 Daemon Server] - 2026-08-01T08:24:05.877Z - [WATCHER]: [watcher] routeWorkspaceChanges batch: 1 events: create:.playwright-mcp/page-2026-08-01T08-24-05-743Z.yml
[NX v23.1.1 Daemon Server] - 2026-08-01T08:24:05.877Z - [WATCHER]: File changes detected:
Created:
  - .playwright-mcp/page-2026-08-01T08-24-05-743Z.yml
Updated:
(none)
Deleted:
(none)
[NX v23.1.1 Daemon Server] - 2026-08-01T08:24:05.878Z - [SYNC]: clearing sync generators cache due to file changes
[NX v23.1.1 Daemon Server] - 2026-08-01T08:24:05.878Z - [REQUEST]: Updated workspace context based on watched changes, recomputing project graph...
[NX v23.1.1 Daemon Server] - 2026-08-01T08:24:05.878Z - [REQUEST]: .playwright-mcp/page-2026-08-01T08-24-05-743Z.yml
[NX v23.1.1 Daemon Server] - 2026-08-01T08:24:05.878Z - [REQUEST]: 
[plugin-client] restarting worker for "nx/js/dependencies-and-lockfile"
[isolated-plugin] spawned worker for "nx/js/dependencies-and-lockfile" (pid: 24610, socket: /private/tmp/plugin22716-9-111230.971875.sock)
[plugin-client] restarting worker for "nx/core/package-json"
[isolated-plugin] spawned worker for "nx/core/package-json" (pid: 24611, socket: /private/tmp/plugin22716-10-111232.576334.sock)
[plugin-client] restarting worker for "nx/core/project-json"
[isolated-plugin] spawned worker for "nx/core/project-json" (pid: 24612, socket: /private/tmp/plugin22716-11-111233.145084.sock)
[NX v23.1.1 Daemon Server] - 2026-08-01T08:24:05.882Z - Time taken for 'hash changed files from watcher' 0.29245900000387337ms
DEBUG nx::native::watch::watcher: idle-window emitting events count=1
DEBUG nx::native::watch::watcher:   [create] .playwright-mcp/page-2026-08-01T08-24-05-743Z.yml
[NX v23.1.1 Daemon Server] - 2026-08-01T08:24:05.884Z - [WATCHER]: Processing file changes in outputs
[plugin-worker] "nx/core/project-json" (pid: 24612) listening on /private/tmp/plugin22716-11-111233.145084.sock
[plugin-worker] "nx/core/package-json" (pid: 24611) listening on /private/tmp/plugin22716-10-111232.576334.sock
[plugin-worker] "nx/js/dependencies-and-lockfile" (pid: 24610) listening on /private/tmp/plugin22716-9-111230.971875.sock
Time taken for 'plugin worker 24611 code loading' 168.009958ms
Time taken for 'plugin worker 24612 code loading' 168.70858299999998ms
Time taken for 'plugin worker 24610 code loading' 168.704333ms
[isolated-plugin] connected to worker for "nx/js/dependencies-and-lockfile" (pid: 24610)
[isolated-plugin] connected to worker for "nx/core/package-json" (pid: 24611)
[isolated-plugin] connected to worker for "nx/core/project-json" (pid: 24612)
[NX v23.1.1 Daemon Server] - 2026-08-01T08:24:06.115Z - Time taken for 'start-plugin-worker:nx/js/dependencies-and-lockfile' 235.01354100000754ms
[NX v23.1.1 Daemon Server] - 2026-08-01T08:24:06.115Z - Time taken for 'start-plugin-worker:nx/core/package-json' 233.4663750000036ms
[NX v23.1.1 Daemon Server] - 2026-08-01T08:24:06.115Z - Time taken for 'start-plugin-worker:nx/core/project-json' 232.93962499999907ms
[plugin-worker] "nx/core/project-json" (pid: 24612) connected
[plugin-worker] "nx/js/dependencies-and-lockfile" (pid: 24610) connected
[plugin-worker] "nx/core/package-json" (pid: 24611) connected
[plugin-worker] "nx/core/project-json" (pid: 24612) loaded successfully
[isolated-plugin] shutting down worker for "nx/core/project-json" after createNodes
[plugin-worker] "nx/core/package-json" (pid: 24611) loaded successfully
[plugin-worker] "nx/js/dependencies-and-lockfile" (pid: 24610) loaded successfully
Time taken for 'nx/js/dependencies-and-lockfile:createNodes' 2.170041999999995ms
[isolated-plugin] shutting down worker for "nx/core/package-json" after createNodes
[NX v23.1.1 Daemon Server] - 2026-08-01T08:24:06.344Z - Time taken for 'build-project-configs' 463.9441250000091ms
[NX v23.1.1 Daemon Server] - 2026-08-01T08:24:06.344Z - Time taken for 'createNodes:merge' 0.929667000003974ms
Time taken for 'build typescript dependencies' 0.600832999999966ms
[isolated-plugin] shutting down worker for "nx/js/dependencies-and-lockfile" after createDependencies
[NX v23.1.1 Daemon Server] - 2026-08-01T08:24:06.349Z - [SYNC]: collect registered sync generators
[NX v23.1.1 Daemon Server] - 2026-08-01T08:24:06.349Z - [SYNC]: project graph hash is the same, not collecting task sync generators
[NX v23.1.1 Daemon Server] - 2026-08-01T08:24:06.349Z - [SYNC]: nx.json hash is the same, not collecting global sync generators
[NX v23.1.1 Daemon Server] - 2026-08-01T08:24:06.350Z - Wrote project graph cache to /Users/jaybell/WebstormProjects/jaybell.me/.nx/workspace-data/project-graph.json
[NX v23.1.1 Daemon Server] - 2026-08-01T08:24:06.351Z - Time taken for 'total execution time for createProjectGraph()' 5.619583000006969ms
[NX v23.1.1 Daemon Server] - 2026-08-01T08:24:06.351Z - Time taken for 'createDependencies' 4.655459000001429ms
[NX v23.1.1 Daemon Server] - 2026-08-01T08:24:06.351Z - Time taken for 'nx/js/dependencies-and-lockfile:createDependencies' 4.612166999999317ms
[NX v23.1.1 Daemon Server] - 2026-08-01T08:24:06.351Z - Time taken for 'createMetadata' 0.005875000002561137ms
[NX v23.1.1 Daemon Server] - 2026-08-01T08:24:06.351Z - Time taken for 'serialize graph' 0.4520830000110436ms
[NX v23.1.1 Daemon Server] - 2026-08-01T08:24:06.351Z - Time taken for 'write cache' 1.2074590000120224ms
DEBUG nx::native::watch::watcher: idle-window emitting events count=1
DEBUG nx::native::watch::watcher: idle-window emitting events count=1
DEBUG nx::native::watch::watcher:   [create] .playwright-mcp/page-2026-08-01T08-24-19-375Z.png
DEBUG nx::native::watch::watcher:   [create] .playwright-mcp/page-2026-08-01T08-24-19-375Z.png
[NX v23.1.1 Daemon Server] - 2026-08-01T08:24:19.495Z - [WATCHER]: .playwright-mcp/page-2026-08-01T08-24-19-375Z.png was created or restored
[NX v23.1.1 Daemon Server] - 2026-08-01T08:24:19.495Z - [WATCHER]: [watcher] routeWorkspaceChanges batch: 1 events: create:.playwright-mcp/page-2026-08-01T08-24-19-375Z.png
[NX v23.1.1 Daemon Server] - 2026-08-01T08:24:19.495Z - [WATCHER]: File changes detected:
Created:
  - .playwright-mcp/page-2026-08-01T08-24-19-375Z.png
Updated:
(none)
Deleted:
(none)
[NX v23.1.1 Daemon Server] - 2026-08-01T08:24:19.495Z - [SYNC]: clearing sync generators cache due to file changes
[NX v23.1.1 Daemon Server] - 2026-08-01T08:24:19.495Z - [REQUEST]: Updated workspace context based on watched changes, recomputing project graph...
[NX v23.1.1 Daemon Server] - 2026-08-01T08:24:19.495Z - [REQUEST]: .playwright-mcp/page-2026-08-01T08-24-19-375Z.png
[NX v23.1.1 Daemon Server] - 2026-08-01T08:24:19.495Z - [REQUEST]: 
[plugin-client] restarting worker for "nx/js/dependencies-and-lockfile"
[isolated-plugin] spawned worker for "nx/js/dependencies-and-lockfile" (pid: 25031, socket: /private/tmp/plugin22716-12-124847.366375.sock)
[plugin-client] restarting worker for "nx/core/package-json"
[isolated-plugin] spawned worker for "nx/core/package-json" (pid: 25032, socket: /private/tmp/plugin22716-13-124848.000792.sock)
[plugin-client] restarting worker for "nx/core/project-json"
[isolated-plugin] spawned worker for "nx/core/project-json" (pid: 25033, socket: /private/tmp/plugin22716-14-124848.35525.sock)
[NX v23.1.1 Daemon Server] - 2026-08-01T08:24:19.497Z - Time taken for 'hash changed files from watcher' 0.08716599999752361ms
[NX v23.1.1 Daemon Server] - 2026-08-01T08:24:19.497Z - [WATCHER]: Processing file changes in outputs
[plugin-worker] "nx/core/package-json" (pid: 25032) listening on /private/tmp/plugin22716-13-124848.000792.sock
[plugin-worker] "nx/js/dependencies-and-lockfile" (pid: 25031) listening on /private/tmp/plugin22716-12-124847.366375.sock
[plugin-worker] "nx/core/project-json" (pid: 25033) listening on /private/tmp/plugin22716-14-124848.35525.sock
Time taken for 'plugin worker 25031 code loading' 71.552917ms
Time taken for 'plugin worker 25032 code loading' 71.550333ms
Time taken for 'plugin worker 25033 code loading' 71.642125ms
[isolated-plugin] connected to worker for "nx/js/dependencies-and-lockfile" (pid: 25031)
[isolated-plugin] connected to worker for "nx/core/package-json" (pid: 25032)
[isolated-plugin] connected to worker for "nx/core/project-json" (pid: 25033)
[NX v23.1.1 Daemon Server] - 2026-08-01T08:24:19.625Z - Time taken for 'start-plugin-worker:nx/js/dependencies-and-lockfile' 128.50879200000782ms
[NX v23.1.1 Daemon Server] - 2026-08-01T08:24:19.625Z - Time taken for 'start-plugin-worker:nx/core/package-json' 128.01020799999242ms
[NX v23.1.1 Daemon Server] - 2026-08-01T08:24:19.625Z - Time taken for 'start-plugin-worker:nx/core/project-json' 127.72075000000768ms
[plugin-worker] "nx/core/package-json" (pid: 25032) connected
[plugin-worker] "nx/js/dependencies-and-lockfile" (pid: 25031) connected
[plugin-worker] "nx/core/project-json" (pid: 25033) connected
[plugin-worker] "nx/core/project-json" (pid: 25033) loaded successfully
[isolated-plugin] shutting down worker for "nx/core/project-json" after createNodes
[plugin-worker] "nx/core/package-json" (pid: 25032) loaded successfully
[plugin-worker] "nx/js/dependencies-and-lockfile" (pid: 25031) loaded successfully
Time taken for 'nx/js/dependencies-and-lockfile:createNodes' 2.4278329999999926ms
[isolated-plugin] shutting down worker for "nx/core/package-json" after createNodes
[NX v23.1.1 Daemon Server] - 2026-08-01T08:24:19.874Z - Time taken for 'build-project-configs' 377.1192500000034ms
[NX v23.1.1 Daemon Server] - 2026-08-01T08:24:19.874Z - Time taken for 'createNodes:merge' 0.5891669999982696ms
Time taken for 'build typescript dependencies' 0.7118330000000128ms
[isolated-plugin] shutting down worker for "nx/js/dependencies-and-lockfile" after createDependencies
[NX v23.1.1 Daemon Server] - 2026-08-01T08:24:19.880Z - [SYNC]: collect registered sync generators
[NX v23.1.1 Daemon Server] - 2026-08-01T08:24:19.880Z - [SYNC]: project graph hash is the same, not collecting task sync generators
[NX v23.1.1 Daemon Server] - 2026-08-01T08:24:19.880Z - [SYNC]: nx.json hash is the same, not collecting global sync generators
[NX v23.1.1 Daemon Server] - 2026-08-01T08:24:19.881Z - Wrote project graph cache to /Users/jaybell/WebstormProjects/jaybell.me/.nx/workspace-data/project-graph.json
[NX v23.1.1 Daemon Server] - 2026-08-01T08:24:19.881Z - Time taken for 'total execution time for createProjectGraph()' 6.434833999999682ms
[NX v23.1.1 Daemon Server] - 2026-08-01T08:24:19.881Z - Time taken for 'createDependencies' 5.689790999997058ms
[NX v23.1.1 Daemon Server] - 2026-08-01T08:24:19.881Z - Time taken for 'nx/js/dependencies-and-lockfile:createDependencies' 5.633332999990671ms
[NX v23.1.1 Daemon Server] - 2026-08-01T08:24:19.882Z - Time taken for 'createMetadata' 0.006666999994195066ms
[NX v23.1.1 Daemon Server] - 2026-08-01T08:24:19.882Z - Time taken for 'serialize graph' 0.4752500000031432ms
[NX v23.1.1 Daemon Server] - 2026-08-01T08:24:19.882Z - Time taken for 'write cache' 1.3566670000000158ms
DEBUG nx::native::watch::watcher: idle-window emitting events count=1
DEBUG nx::native::watch::watcher: idle-window emitting events count=1
DEBUG nx::native::watch::watcher:   [create] .playwright-mcp/console-2026-08-01T08-24-36-983Z.log
DEBUG nx::native::watch::watcher:   [create] .playwright-mcp/console-2026-08-01T08-24-36-983Z.log
[NX v23.1.1 Daemon Server] - 2026-08-01T08:24:37.159Z - [WATCHER]: Processing file changes in outputs
[NX v23.1.1 Daemon Server] - 2026-08-01T08:24:37.161Z - [WATCHER]: .playwright-mcp/console-2026-08-01T08-24-36-983Z.log was created or restored
[NX v23.1.1 Daemon Server] - 2026-08-01T08:24:37.161Z - [WATCHER]: [watcher] routeWorkspaceChanges batch: 1 events: create:.playwright-mcp/console-2026-08-01T08-24-36-983Z.log
[NX v23.1.1 Daemon Server] - 2026-08-01T08:24:37.161Z - [WATCHER]: File changes detected:
Created:
  - .playwright-mcp/console-2026-08-01T08-24-36-983Z.log
Updated:
(none)
Deleted:
(none)
[NX v23.1.1 Daemon Server] - 2026-08-01T08:24:37.162Z - [SYNC]: clearing sync generators cache due to file changes
[NX v23.1.1 Daemon Server] - 2026-08-01T08:24:37.162Z - [REQUEST]: Updated workspace context based on watched changes, recomputing project graph...
[NX v23.1.1 Daemon Server] - 2026-08-01T08:24:37.162Z - [REQUEST]: .playwright-mcp/console-2026-08-01T08-24-36-983Z.log
[NX v23.1.1 Daemon Server] - 2026-08-01T08:24:37.162Z - [REQUEST]: 
[plugin-client] restarting worker for "nx/js/dependencies-and-lockfile"
[isolated-plugin] spawned worker for "nx/js/dependencies-and-lockfile" (pid: 25539, socket: /private/tmp/plugin22716-15-142513.791584.sock)
[plugin-client] restarting worker for "nx/core/package-json"
[isolated-plugin] spawned worker for "nx/core/package-json" (pid: 25540, socket: /private/tmp/plugin22716-16-142514.542125.sock)
[plugin-client] restarting worker for "nx/core/project-json"
[isolated-plugin] spawned worker for "nx/core/project-json" (pid: 25541, socket: /private/tmp/plugin22716-17-142515.103167.sock)
[NX v23.1.1 Daemon Server] - 2026-08-01T08:24:37.164Z - Time taken for 'hash changed files from watcher' 0.09545799999614246ms
[plugin-worker] "nx/core/project-json" (pid: 25541) listening on /private/tmp/plugin22716-17-142515.103167.sock
[plugin-worker] "nx/js/dependencies-and-lockfile" (pid: 25539) listening on /private/tmp/plugin22716-15-142513.791584.sock
[plugin-worker] "nx/core/package-json" (pid: 25540) listening on /private/tmp/plugin22716-16-142514.542125.sock
Time taken for 'plugin worker 25540 code loading' 181.804459ms
Time taken for 'plugin worker 25539 code loading' 181.946917ms
Time taken for 'plugin worker 25541 code loading' 181.94679100000002ms
[isolated-plugin] connected to worker for "nx/js/dependencies-and-lockfile" (pid: 25539)
[isolated-plugin] connected to worker for "nx/core/package-json" (pid: 25540)
[isolated-plugin] connected to worker for "nx/core/project-json" (pid: 25541)
[NX v23.1.1 Daemon Server] - 2026-08-01T08:24:37.420Z - Time taken for 'start-plugin-worker:nx/js/dependencies-and-lockfile' 257.3778750000056ms
[NX v23.1.1 Daemon Server] - 2026-08-01T08:24:37.420Z - Time taken for 'start-plugin-worker:nx/core/package-json' 256.98033300001407ms
[NX v23.1.1 Daemon Server] - 2026-08-01T08:24:37.420Z - Time taken for 'start-plugin-worker:nx/core/project-json' 256.5522920000076ms
[plugin-worker] "nx/js/dependencies-and-lockfile" (pid: 25539) connected
[plugin-worker] "nx/core/project-json" (pid: 25541) connected
[plugin-worker] "nx/core/package-json" (pid: 25540) connected
[plugin-worker] "nx/core/project-json" (pid: 25541) loaded successfully
[isolated-plugin] shutting down worker for "nx/core/project-json" after createNodes
[plugin-worker] "nx/core/package-json" (pid: 25540) loaded successfully
[plugin-worker] "nx/js/dependencies-and-lockfile" (pid: 25539) loaded successfully
Time taken for 'nx/js/dependencies-and-lockfile:createNodes' 2.5207089999999823ms
DEBUG nx::native::watch::watcher: idle-window emitting events count=1
DEBUG nx::native::watch::watcher:   [create] .playwright-mcp/page-2026-08-01T08-24-37-538Z.yml
[NX v23.1.1 Daemon Server] - 2026-08-01T08:24:37.650Z - [WATCHER]: .playwright-mcp/page-2026-08-01T08-24-37-538Z.yml was created or restored
[NX v23.1.1 Daemon Server] - 2026-08-01T08:24:37.650Z - [WATCHER]: [watcher] routeWorkspaceChanges batch: 1 events: create:.playwright-mcp/page-2026-08-01T08-24-37-538Z.yml
[NX v23.1.1 Daemon Server] - 2026-08-01T08:24:37.650Z - [WATCHER]: File changes detected:
Created:
  - .playwright-mcp/page-2026-08-01T08-24-37-538Z.yml
Updated:
(none)
Deleted:
(none)
[NX v23.1.1 Daemon Server] - 2026-08-01T08:24:37.650Z - [SYNC]: clearing sync generators cache due to file changes
[NX v23.1.1 Daemon Server] - 2026-08-01T08:24:37.650Z - [REQUEST]: Updated workspace context based on watched changes, recomputing project graph...
[NX v23.1.1 Daemon Server] - 2026-08-01T08:24:37.650Z - [REQUEST]: .playwright-mcp/console-2026-08-01T08-24-36-983Z.log,.playwright-mcp/page-2026-08-01T08-24-37-538Z.yml
[NX v23.1.1 Daemon Server] - 2026-08-01T08:24:37.650Z - [REQUEST]: 
[plugin-client] restarting worker for "nx/core/project-json"
[isolated-plugin] spawned worker for "nx/core/project-json" (pid: 25553, socket: /private/tmp/plugin22716-18-143002.97775.sock)
[NX v23.1.1 Daemon Server] - 2026-08-01T08:24:37.653Z - Time taken for 'hash changed files from watcher' 0.1981670000241138ms
Time taken for 'nx/js/dependencies-and-lockfile:createNodes' 2.9873339999999757ms
DEBUG nx::native::watch::watcher: idle-window emitting events count=1
DEBUG nx::native::watch::watcher:   [create] .playwright-mcp/page-2026-08-01T08-24-37-538Z.yml
[NX v23.1.1 Daemon Server] - 2026-08-01T08:24:37.659Z - [WATCHER]: Processing file changes in outputs
[NX v23.1.1 Daemon Server] - 2026-08-01T08:24:37.812Z - Time taken for 'build-project-configs' 160.63416600000346ms
[NX v23.1.1 Daemon Server] - 2026-08-01T08:24:37.812Z - Time taken for 'createNodes:merge' 1.332124999986263ms
Time taken for 'nx/core/package-json:createNodes' 385.715958ms
[plugin-worker] "nx/core/project-json" (pid: 25553) listening on /private/tmp/plugin22716-18-143002.97775.sock
Time taken for 'plugin worker 25553 code loading' 107.780542ms
[isolated-plugin] connected to worker for "nx/core/project-json" (pid: 25553)
[NX v23.1.1 Daemon Server] - 2026-08-01T08:24:37.834Z - Time taken for 'start-plugin-worker:nx/core/project-json' 182.21275000000605ms
[plugin-worker] "nx/core/project-json" (pid: 25553) connected
[plugin-worker] "nx/core/project-json" (pid: 25553) loaded successfully
[isolated-plugin] shutting down worker for "nx/core/project-json" after createNodes
[isolated-plugin] shutting down worker for "nx/core/package-json" after createNodes
[NX v23.1.1 Daemon Server] - 2026-08-01T08:24:38.422Z - Time taken for 'build-project-configs' 769.7683329999854ms
[NX v23.1.1 Daemon Server] - 2026-08-01T08:24:38.422Z - Time taken for 'createNodes:merge' 0.5836660000204574ms
Time taken for 'build typescript dependencies' 0.650124999999889ms
[isolated-plugin] shutting down worker for "nx/js/dependencies-and-lockfile" after createDependencies
[NX v23.1.1 Daemon Server] - 2026-08-01T08:24:38.428Z - [SYNC]: collect registered sync generators
[NX v23.1.1 Daemon Server] - 2026-08-01T08:24:38.428Z - [SYNC]: project graph hash is the same, not collecting task sync generators
[NX v23.1.1 Daemon Server] - 2026-08-01T08:24:38.428Z - [SYNC]: nx.json hash is the same, not collecting global sync generators
[NX v23.1.1 Daemon Server] - 2026-08-01T08:24:38.430Z - Wrote project graph cache to /Users/jaybell/WebstormProjects/jaybell.me/.nx/workspace-data/project-graph.json
[NX v23.1.1 Daemon Server] - 2026-08-01T08:24:38.430Z - Time taken for 'total execution time for createProjectGraph()' 6.060499999992317ms
[NX v23.1.1 Daemon Server] - 2026-08-01T08:24:38.431Z - Time taken for 'createDependencies' 5.307958999997936ms
[NX v23.1.1 Daemon Server] - 2026-08-01T08:24:38.431Z - Time taken for 'nx/js/dependencies-and-lockfile:createDependencies' 5.263249999989057ms
[NX v23.1.1 Daemon Server] - 2026-08-01T08:24:38.431Z - Time taken for 'createMetadata' 0.00604199999361299ms
[NX v23.1.1 Daemon Server] - 2026-08-01T08:24:38.431Z - Time taken for 'serialize graph' 0.8191660000011325ms
[NX v23.1.1 Daemon Server] - 2026-08-01T08:24:38.431Z - Time taken for 'write cache' 2.116749999986496ms
DEBUG nx::native::watch::watcher: idle-window emitting events count=2
DEBUG nx::native::watch::watcher:   [create] _data/episodes.json
DEBUG nx::native::watch::watcher:   [delete] _data/.episodes.json.tmp.msa3vnc92qapdc
[NX v23.1.1 Daemon Server] - 2026-08-01T08:24:52.827Z - [WATCHER]: Processing file changes in outputs
DEBUG nx::native::watch::watcher: idle-window emitting events count=2
DEBUG nx::native::watch::watcher:   [create] _data/episodes.json
DEBUG nx::native::watch::watcher:   [delete] _data/.episodes.json.tmp.msa3vnc92qapdc
[NX v23.1.1 Daemon Server] - 2026-08-01T08:24:52.833Z - [WATCHER]: 1 file(s) created or restored, 0 file(s) modified, 1 file(s) deleted
[NX v23.1.1 Daemon Server] - 2026-08-01T08:24:52.833Z - [WATCHER]: [watcher] routeWorkspaceChanges batch: 2 events: create:_data/episodes.json, delete:_data/.episodes.json.tmp.msa3vnc92qapdc
[NX v23.1.1 Daemon Server] - 2026-08-01T08:24:52.833Z - [WATCHER]: File changes detected:
Created:
  - _data/episodes.json
Updated:
(none)
Deleted:
  - _data/.episodes.json.tmp.msa3vnc92qapdc
[NX v23.1.1 Daemon Server] - 2026-08-01T08:24:52.833Z - [SYNC]: clearing sync generators cache due to file changes
[NX v23.1.1 Daemon Server] - 2026-08-01T08:24:52.833Z - [REQUEST]: Updated workspace context based on watched changes, recomputing project graph...
[NX v23.1.1 Daemon Server] - 2026-08-01T08:24:52.833Z - [REQUEST]: _data/episodes.json
[NX v23.1.1 Daemon Server] - 2026-08-01T08:24:52.834Z - [REQUEST]: _data/.episodes.json.tmp.msa3vnc92qapdc
[plugin-client] restarting worker for "nx/js/dependencies-and-lockfile"
[isolated-plugin] spawned worker for "nx/js/dependencies-and-lockfile" (pid: 25898, socket: /private/tmp/plugin22716-19-158185.633334.sock)
[plugin-client] restarting worker for "nx/core/package-json"
[isolated-plugin] spawned worker for "nx/core/package-json" (pid: 25899, socket: /private/tmp/plugin22716-20-158186.548375.sock)
[plugin-client] restarting worker for "nx/core/project-json"
[isolated-plugin] spawned worker for "nx/core/project-json" (pid: 25900, socket: /private/tmp/plugin22716-21-158187.132.sock)
[NX v23.1.1 Daemon Server] - 2026-08-01T08:24:52.836Z - Time taken for 'hash changed files from watcher' 0.1346250000060536ms
[plugin-worker] "nx/js/dependencies-and-lockfile" (pid: 25898) listening on /private/tmp/plugin22716-19-158185.633334.sock
[plugin-worker] "nx/core/project-json" (pid: 25900) listening on /private/tmp/plugin22716-21-158187.132.sock
[plugin-worker] "nx/core/package-json" (pid: 25899) listening on /private/tmp/plugin22716-20-158186.548375.sock
Time taken for 'plugin worker 25900 code loading' 190.313041ms
Time taken for 'plugin worker 25899 code loading' 190.311292ms
Time taken for 'plugin worker 25898 code loading' 190.316667ms
[isolated-plugin] connected to worker for "nx/js/dependencies-and-lockfile" (pid: 25898)
[isolated-plugin] connected to worker for "nx/core/package-json" (pid: 25899)
[isolated-plugin] connected to worker for "nx/core/project-json" (pid: 25900)
[NX v23.1.1 Daemon Server] - 2026-08-01T08:24:53.130Z - Time taken for 'start-plugin-worker:nx/js/dependencies-and-lockfile' 295.5912499999977ms
[NX v23.1.1 Daemon Server] - 2026-08-01T08:24:53.130Z - Time taken for 'start-plugin-worker:nx/core/package-json' 294.78737500001444ms
[NX v23.1.1 Daemon Server] - 2026-08-01T08:24:53.130Z - Time taken for 'start-plugin-worker:nx/core/project-json' 294.41037499997765ms
[plugin-worker] "nx/js/dependencies-and-lockfile" (pid: 25898) connected
[plugin-worker] "nx/core/package-json" (pid: 25899) connected
[plugin-worker] "nx/core/project-json" (pid: 25900) connected
[plugin-worker] "nx/core/project-json" (pid: 25900) loaded successfully
[isolated-plugin] shutting down worker for "nx/core/project-json" after createNodes
[plugin-worker] "nx/core/package-json" (pid: 25899) loaded successfully
[plugin-worker] "nx/js/dependencies-and-lockfile" (pid: 25898) loaded successfully
Time taken for 'nx/js/dependencies-and-lockfile:createNodes' 2.276457999999991ms
[isolated-plugin] shutting down worker for "nx/core/package-json" after createNodes
[NX v23.1.1 Daemon Server] - 2026-08-01T08:24:53.373Z - Time taken for 'build-project-configs' 538.3917920000094ms
[NX v23.1.1 Daemon Server] - 2026-08-01T08:24:53.373Z - Time taken for 'createNodes:merge' 0.4924159999936819ms
Time taken for 'build typescript dependencies' 0.6125410000000215ms
[isolated-plugin] shutting down worker for "nx/js/dependencies-and-lockfile" after createDependencies
[NX v23.1.1 Daemon Server] - 2026-08-01T08:24:53.378Z - [SYNC]: collect registered sync generators
[NX v23.1.1 Daemon Server] - 2026-08-01T08:24:53.378Z - [SYNC]: project graph hash is the same, not collecting task sync generators
[NX v23.1.1 Daemon Server] - 2026-08-01T08:24:53.378Z - [SYNC]: nx.json hash is the same, not collecting global sync generators
[NX v23.1.1 Daemon Server] - 2026-08-01T08:24:53.379Z - Wrote project graph cache to /Users/jaybell/WebstormProjects/jaybell.me/.nx/workspace-data/project-graph.json
[NX v23.1.1 Daemon Server] - 2026-08-01T08:24:53.380Z - Time taken for 'total execution time for createProjectGraph()' 4.935874999995576ms
[NX v23.1.1 Daemon Server] - 2026-08-01T08:24:53.380Z - Time taken for 'createDependencies' 4.246917000011308ms
[NX v23.1.1 Daemon Server] - 2026-08-01T08:24:53.380Z - Time taken for 'nx/js/dependencies-and-lockfile:createDependencies' 4.211249999993015ms
[NX v23.1.1 Daemon Server] - 2026-08-01T08:24:53.380Z - Time taken for 'createMetadata' 0.007542000006651506ms
[NX v23.1.1 Daemon Server] - 2026-08-01T08:24:53.380Z - Time taken for 'serialize graph' 0.8263330000045244ms
[NX v23.1.1 Daemon Server] - 2026-08-01T08:24:53.380Z - Time taken for 'write cache' 1.2301670000015292ms
DEBUG nx::native::watch::watcher: idle-window emitting events count=15
DEBUG nx::native::watch::watcher:   [delete] _site/blog/index.html
DEBUG nx::native::watch::watcher:   [delete] _site/css/main.css
DEBUG nx::native::watch::watcher:   [delete] _site/favicon.ico
DEBUG nx::native::watch::watcher:   [delete] _site/CNAME
DEBUG nx::native::watch::watcher:   [delete] gen/main.css
DEBUG nx::native::watch::watcher:   [delete] _site/links/index.html
DEBUG nx::native::watch::watcher:   [delete] _site/404.html
DEBUG nx::native::watch::watcher:   [delete] _site/podcast/index.html
DEBUG nx::native::watch::watcher:   [delete] _site/robots.txt
DEBUG nx::native::watch::watcher:   [delete] _site/assets/images/favicon.svg
DEBUG nx::native::watch::watcher:   [delete] _site/index.html
DEBUG nx::native::watch::watcher:   [delete] _site/about/index.html
DEBUG nx::native::watch::watcher:   [delete] _site/assets/images/favicon.ico
DEBUG nx::native::watch::watcher:   [delete] _site/feed.xml
DEBUG nx::native::watch::watcher:   [delete] _site/assets/css/prism.css
[NX v23.1.1 Daemon Server] - 2026-08-01T08:24:58.196Z - [WATCHER]: Processing file changes in outputs
[NX v23.1.1 Daemon Server] - 2026-08-01T08:24:58.564Z - Established a connection. Number of open connections: 1
[NX v23.1.1 Daemon Server] - 2026-08-01T08:24:58.565Z - Closed a connection. Number of open connections: 0
[NX v23.1.1 Daemon Server] - 2026-08-01T08:24:58.565Z - Established a connection. Number of open connections: 1
[NX v23.1.1 Daemon Server] - 2026-08-01T08:24:58.566Z - Closed a connection. Number of open connections: 0
[NX v23.1.1 Daemon Server] - 2026-08-01T08:24:58.566Z - Established a connection. Number of open connections: 1
[NX v23.1.1 Daemon Client] - 2026-08-01T08:24:58.566Z - [Messenger] Setting up socket listeners
[NX v23.1.1 Daemon Client] - 2026-08-01T08:24:58.566Z - [Messenger] listen() complete
[NX v23.1.1 Daemon Client] - 2026-08-01T08:24:58.576Z - [Messenger] Sending message type: GET_NX_CONSOLE_STATUS
[NX v23.1.1 Daemon Client] - 2026-08-01T08:24:58.576Z - [Messenger] Message sent
[NX v23.1.1 Daemon Server] - 2026-08-01T08:24:58.577Z - Received raw message of length 3607
[NX v23.1.1 Daemon Server] - 2026-08-01T08:24:58.577Z - Received json message of type GET_NX_CONSOLE_STATUS
[NX v23.1.1 Daemon Server] - 2026-08-01T08:24:58.577Z - Serializing response for GET_NX_CONSOLE_STATUS message in json mode
[NX v23.1.1 Daemon Server] - 2026-08-01T08:24:58.577Z - Responding to GET_NX_CONSOLE_STATUS message
[NX v23.1.1 Daemon Server] - 2026-08-01T08:24:58.577Z - [REQUEST]: Responding to the client. handleGetNxConsoleStatus
[NX v23.1.1 Daemon Server] - 2026-08-01T08:24:58.577Z - Done responding to the client handleGetNxConsoleStatus
[NX v23.1.1 Daemon Server] - 2026-08-01T08:24:58.577Z - Handled json message GET_NX_CONSOLE_STATUS. Handling time: 0. Response time: 0.
[NX v23.1.1 Daemon Client] - 2026-08-01T08:24:58.578Z - [Messenger] Received message, length: 22
[NX v23.1.1 Daemon Client] - 2026-08-01T08:24:58.628Z - [Messenger] Sending message type: REQUEST_PROJECT_GRAPH
[NX v23.1.1 Daemon Client] - 2026-08-01T08:24:58.628Z - [Messenger] Message sent
[NX v23.1.1 Daemon Server] - 2026-08-01T08:24:58.628Z - Received raw message of length 32
[NX v23.1.1 Daemon Server] - 2026-08-01T08:24:58.628Z - Received json message of type REQUEST_PROJECT_GRAPH
[NX v23.1.1 Daemon Server] - 2026-08-01T08:24:58.628Z - [REQUEST]: Client Request for Project Graph Received
DEBUG nx::native::watch::watcher: force-flush END count=0 replies=1 elapsed=65.967208ms
[NX v23.1.1 Daemon Server] - 2026-08-01T08:24:58.694Z - Reusing in-memory cached project graph because no files changed.
[NX v23.1.1 Daemon Server] - 2026-08-01T08:24:58.695Z - Serializing response for REQUEST_PROJECT_GRAPH message in json mode
[NX v23.1.1 Daemon Server] - 2026-08-01T08:24:58.695Z - Responding to REQUEST_PROJECT_GRAPH message
[NX v23.1.1 Daemon Server] - 2026-08-01T08:24:58.695Z - [REQUEST]: Responding to the client. project-graph
[NX v23.1.1 Daemon Server] - 2026-08-01T08:24:58.695Z - Time taken for 'total for creating and serializing project graph' 66.71645799998078ms
[NX v23.1.1 Daemon Server] - 2026-08-01T08:24:58.695Z - Done responding to the client project-graph
[NX v23.1.1 Daemon Server] - 2026-08-01T08:24:58.695Z - Handled json message REQUEST_PROJECT_GRAPH. Handling time: 67. Response time: 0.
[NX v23.1.1 Daemon Client] - 2026-08-01T08:24:58.696Z - [Messenger] Received message, length: 283837
[NX v23.1.1 Daemon Client] - 2026-08-01T08:24:58.698Z - [Messenger] Sending message type: PRE_TASKS_EXECUTION
[NX v23.1.1 Daemon Client] - 2026-08-01T08:24:58.698Z - [Messenger] Message sent
[NX v23.1.1 Daemon Server] - 2026-08-01T08:24:58.698Z - Received raw message of length 714
[NX v23.1.1 Daemon Server] - 2026-08-01T08:24:58.698Z - Received json message of type PRE_TASKS_EXECUTION
[NX v23.1.1 Daemon Server] - 2026-08-01T08:24:58.698Z - Serializing response for PRE_TASKS_EXECUTION message in json mode
[NX v23.1.1 Daemon Server] - 2026-08-01T08:24:58.698Z - Responding to PRE_TASKS_EXECUTION message
[NX v23.1.1 Daemon Server] - 2026-08-01T08:24:58.698Z - [REQUEST]: Responding to the client. handleRunPreTasksExecution
[NX v23.1.1 Daemon Server] - 2026-08-01T08:24:58.698Z - Done responding to the client handleRunPreTasksExecution
[NX v23.1.1 Daemon Server] - 2026-08-01T08:24:58.698Z - Handled json message PRE_TASKS_EXECUTION. Handling time: 0. Response time: 0.
[NX v23.1.1 Daemon Server] - 2026-08-01T08:24:58.698Z - Time taken for 'preTasksExecution' 0.10966600000392646ms
[NX v23.1.1 Daemon Client] - 2026-08-01T08:24:58.698Z - [Messenger] Received message, length: 2
[NX v23.1.1 Daemon Client] - 2026-08-01T08:24:58.969Z - [Messenger] Sending message type: HASH_TASKS
[NX v23.1.1 Daemon Client] - 2026-08-01T08:24:58.969Z - [Messenger] Message sent
[NX v23.1.1 Daemon Server] - 2026-08-01T08:24:58.969Z - Received raw message of length 9378
[NX v23.1.1 Daemon Server] - 2026-08-01T08:24:58.970Z - Received json message of type HASH_TASKS
DEBUG nx::native::watch::watcher: force-flush END count=0 replies=1 elapsed=64.056791ms
[NX v23.1.1 Daemon Server] - 2026-08-01T08:24:59.034Z - Reusing in-memory cached project graph because no files changed.
DEBUG nx::native::tasks::hash_planner: get_plans_internal COMPLETED in 958µs - processed 2 tasks (setup: 417.25µs, parallel_planning: 539.542µs, pool: 692 unique instructions)
DEBUG nx::native::tasks::hashers::hash_workspace_files: Hashing workspace fileset: Adding "17205265668418528398" (".gitignore") to hash
DEBUG nx::native::tasks::hashers::hash_workspace_files: Hashing workspace fileset: Adding "16829365538347415742" ("nx.json") to hash
DEBUG nx::native::tasks::hashers::hash_workspace_files: Hashing workspace fileset: Hash Value: "2131520125112209476"
DEBUG nx::native::tasks::task_hasher: hash_plans COMPLETED in 1.324291ms - processed 2 plans (setup: 76.625µs, hashing: 1.247ms, assembly: 430.459µs)
[NX v23.1.1 Daemon Server] - 2026-08-01T08:24:59.038Z - Serializing response for HASH_TASKS message in json mode
[NX v23.1.1 Daemon Server] - 2026-08-01T08:24:59.038Z - Responding to HASH_TASKS message
[NX v23.1.1 Daemon Server] - 2026-08-01T08:24:59.038Z - [REQUEST]: Responding to the client. handleHashTasks
[NX v23.1.1 Daemon Server] - 2026-08-01T08:24:59.039Z - Done responding to the client handleHashTasks
[NX v23.1.1 Daemon Server] - 2026-08-01T08:24:59.039Z - Handled json message HASH_TASKS. Handling time: 68. Response time: 1.
[NX v23.1.1 Daemon Client] - 2026-08-01T08:24:59.039Z - [Messenger] Received message, length: 32803
[NX v23.1.1 Daemon Client] - 2026-08-01T08:24:59.074Z - [Messenger] Sending message type: GET_ESTIMATED_TASK_TIMINGS
[NX v23.1.1 Daemon Client] - 2026-08-01T08:24:59.074Z - [Messenger] Message sent
[NX v23.1.1 Daemon Server] - 2026-08-01T08:24:59.074Z - Received raw message of length 129
[NX v23.1.1 Daemon Server] - 2026-08-01T08:24:59.074Z - Received json message of type GET_ESTIMATED_TASK_TIMINGS
[NX v23.1.1 Daemon Server] - 2026-08-01T08:24:59.075Z - Serializing response for GET_ESTIMATED_TASK_TIMINGS message in json mode
[NX v23.1.1 Daemon Server] - 2026-08-01T08:24:59.075Z - Responding to GET_ESTIMATED_TASK_TIMINGS message
[NX v23.1.1 Daemon Server] - 2026-08-01T08:24:59.075Z - [REQUEST]: Responding to the client. handleGetEstimatedTaskTimings
[NX v23.1.1 Daemon Server] - 2026-08-01T08:24:59.075Z - Done responding to the client handleGetEstimatedTaskTimings
[NX v23.1.1 Daemon Server] - 2026-08-01T08:24:59.075Z - Handled json message GET_ESTIMATED_TASK_TIMINGS. Handling time: 1. Response time: 0.
[NX v23.1.1 Daemon Client] - 2026-08-01T08:24:59.075Z - [Messenger] Received message, length: 47
[NX v23.1.1 Daemon Client] - 2026-08-01T08:24:59.076Z - [Messenger] Sending message type: OUTPUTS_HASHES_MATCH_BATCH
[NX v23.1.1 Daemon Client] - 2026-08-01T08:24:59.076Z - [Messenger] Message sent
[NX v23.1.1 Daemon Server] - 2026-08-01T08:24:59.076Z - Received raw message of length 96
[NX v23.1.1 Daemon Server] - 2026-08-01T08:24:59.076Z - Received json message of type OUTPUTS_HASHES_MATCH_BATCH
[NX v23.1.1 Daemon Server] - 2026-08-01T08:24:59.077Z - Serializing response for OUTPUTS_HASHES_MATCH_BATCH message in json mode
[NX v23.1.1 Daemon Server] - 2026-08-01T08:24:59.077Z - Responding to OUTPUTS_HASHES_MATCH_BATCH message
[NX v23.1.1 Daemon Server] - 2026-08-01T08:24:59.077Z - [REQUEST]: Responding to the client. outputsHashesMatchBatch
[NX v23.1.1 Daemon Server] - 2026-08-01T08:24:59.077Z - Done responding to the client outputsHashesMatchBatch
[NX v23.1.1 Daemon Server] - 2026-08-01T08:24:59.077Z - Handled json message OUTPUTS_HASHES_MATCH_BATCH. Handling time: 1. Response time: 0.
[NX v23.1.1 Daemon Client] - 2026-08-01T08:24:59.077Z - [Messenger] Received message, length: 7
[NX v23.1.1 Daemon Client] - 2026-08-01T08:24:59.078Z - [Messenger] Sending message type: RECORD_OUTPUTS_HASH_BATCH
[NX v23.1.1 Daemon Client] - 2026-08-01T08:24:59.078Z - [Messenger] Message sent
[NX v23.1.1 Daemon Server] - 2026-08-01T08:24:59.078Z - Received raw message of length 95
[NX v23.1.1 Daemon Server] - 2026-08-01T08:24:59.078Z - Received json message of type RECORD_OUTPUTS_HASH_BATCH
[NX v23.1.1 Daemon Server] - 2026-08-01T08:24:59.083Z - Serializing response for RECORD_OUTPUTS_HASH_BATCH message in json mode
[NX v23.1.1 Daemon Server] - 2026-08-01T08:24:59.083Z - Responding to RECORD_OUTPUTS_HASH_BATCH message
[NX v23.1.1 Daemon Server] - 2026-08-01T08:24:59.083Z - [REQUEST]: Responding to the client. recordOutputsHashBatch
[NX v23.1.1 Daemon Server] - 2026-08-01T08:24:59.083Z - Done responding to the client recordOutputsHashBatch
[NX v23.1.1 Daemon Server] - 2026-08-01T08:24:59.083Z - Handled json message RECORD_OUTPUTS_HASH_BATCH. Handling time: 5. Response time: 0.
[NX v23.1.1 Daemon Client] - 2026-08-01T08:24:59.083Z - [Messenger] Received message, length: 2
DEBUG nx::native::watch::watcher: idle-window emitting events count=1
DEBUG nx::native::watch::watcher:   [create] gen/main.css
[NX v23.1.1 Daemon Server] - 2026-08-01T08:24:59.191Z - [WATCHER]: Processing file changes in outputs
[NX v23.1.1 Daemon Client] - 2026-08-01T08:25:00.144Z - [Messenger] Sending message type: RECORD_OUTPUTS_HASH_BATCH
[NX v23.1.1 Daemon Client] - 2026-08-01T08:25:00.144Z - [Messenger] Message sent
[NX v23.1.1 Daemon Server] - 2026-08-01T08:25:00.144Z - Received raw message of length 128
[NX v23.1.1 Daemon Server] - 2026-08-01T08:25:00.144Z - Received json message of type RECORD_OUTPUTS_HASH_BATCH
[NX v23.1.1 Daemon Server] - 2026-08-01T08:25:00.144Z - Serializing response for RECORD_OUTPUTS_HASH_BATCH message in json mode
[NX v23.1.1 Daemon Server] - 2026-08-01T08:25:00.144Z - Responding to RECORD_OUTPUTS_HASH_BATCH message
[NX v23.1.1 Daemon Server] - 2026-08-01T08:25:00.144Z - [REQUEST]: Responding to the client. recordOutputsHashBatch
[NX v23.1.1 Daemon Server] - 2026-08-01T08:25:00.144Z - Done responding to the client recordOutputsHashBatch
[NX v23.1.1 Daemon Server] - 2026-08-01T08:25:00.144Z - Handled json message RECORD_OUTPUTS_HASH_BATCH. Handling time: 0. Response time: 0.
[NX v23.1.1 Daemon Client] - 2026-08-01T08:25:00.144Z - [Messenger] Received message, length: 2
[NX v23.1.1 Daemon Client] - 2026-08-01T08:25:00.145Z - [Messenger] Sending message type: RECORD_TASK_RUNS
[NX v23.1.1 Daemon Client] - 2026-08-01T08:25:00.145Z - [Messenger] Message sent
[NX v23.1.1 Daemon Server] - 2026-08-01T08:25:00.145Z - Received raw message of length 381
[NX v23.1.1 Daemon Server] - 2026-08-01T08:25:00.145Z - Received json message of type RECORD_TASK_RUNS
[NX v23.1.1 Daemon Server] - 2026-08-01T08:25:00.146Z - Serializing response for RECORD_TASK_RUNS message in json mode
[NX v23.1.1 Daemon Server] - 2026-08-01T08:25:00.146Z - Responding to RECORD_TASK_RUNS message
[NX v23.1.1 Daemon Server] - 2026-08-01T08:25:00.146Z - [REQUEST]: Responding to the client. handleRecordTaskRuns
[NX v23.1.1 Daemon Server] - 2026-08-01T08:25:00.146Z - Done responding to the client handleRecordTaskRuns
[NX v23.1.1 Daemon Server] - 2026-08-01T08:25:00.146Z - Handled json message RECORD_TASK_RUNS. Handling time: 1. Response time: 0.
[NX v23.1.1 Daemon Client] - 2026-08-01T08:25:00.146Z - [Messenger] Received message, length: 4
[NX v23.1.1 Daemon Client] - 2026-08-01T08:25:00.146Z - [Messenger] Sending message type: GET_FLAKY_TASKS
[NX v23.1.1 Daemon Client] - 2026-08-01T08:25:00.146Z - [Messenger] Message sent
[NX v23.1.1 Daemon Server] - 2026-08-01T08:25:00.146Z - Received raw message of length 60
[NX v23.1.1 Daemon Server] - 2026-08-01T08:25:00.146Z - Received json message of type GET_FLAKY_TASKS
[NX v23.1.1 Daemon Server] - 2026-08-01T08:25:00.146Z - Serializing response for GET_FLAKY_TASKS message in json mode
[NX v23.1.1 Daemon Server] - 2026-08-01T08:25:00.146Z - Responding to GET_FLAKY_TASKS message
[NX v23.1.1 Daemon Server] - 2026-08-01T08:25:00.146Z - [REQUEST]: Responding to the client. handleGetFlakyTasks
[NX v23.1.1 Daemon Server] - 2026-08-01T08:25:00.146Z - Done responding to the client handleGetFlakyTasks
[NX v23.1.1 Daemon Server] - 2026-08-01T08:25:00.146Z - Handled json message GET_FLAKY_TASKS. Handling time: 0. Response time: 0.
[NX v23.1.1 Daemon Client] - 2026-08-01T08:25:00.146Z - [Messenger] Received message, length: 2
[NX v23.1.1 Daemon Server] - 2026-08-01T08:25:00.147Z - Established a connection. Number of open connections: 2
[NX v23.1.1 Daemon Client] - 2026-08-01T08:25:00.147Z - [Messenger] Sending message type: GET_CONFIGURE_AI_AGENTS_STATUS
[NX v23.1.1 Daemon Client] - 2026-08-01T08:25:00.147Z - [Messenger] Message sent
[NX v23.1.1 Daemon Server] - 2026-08-01T08:25:00.147Z - Closed a connection. Number of open connections: 1
[NX v23.1.1 Daemon Server] - 2026-08-01T08:25:00.147Z - Received raw message of length 41
[NX v23.1.1 Daemon Server] - 2026-08-01T08:25:00.147Z - Received json message of type GET_CONFIGURE_AI_AGENTS_STATUS
[NX v23.1.1 Daemon Server] - 2026-08-01T08:25:00.147Z - [AI-AGENTS]: Returning cached agent configuration status
[NX v23.1.1 Daemon Server] - 2026-08-01T08:25:00.147Z - Serializing response for GET_CONFIGURE_AI_AGENTS_STATUS message in json mode
[NX v23.1.1 Daemon Server] - 2026-08-01T08:25:00.147Z - Responding to GET_CONFIGURE_AI_AGENTS_STATUS message
[NX v23.1.1 Daemon Server] - 2026-08-01T08:25:00.147Z - [REQUEST]: Responding to the client. handleGetConfigureAiAgentsStatus
[NX v23.1.1 Daemon Server] - 2026-08-01T08:25:00.147Z - Done responding to the client handleGetConfigureAiAgentsStatus
[NX v23.1.1 Daemon Server] - 2026-08-01T08:25:00.147Z - Handled json message GET_CONFIGURE_AI_AGENTS_STATUS. Handling time: 0. Response time: 0.
[NX v23.1.1 Daemon Client] - 2026-08-01T08:25:00.147Z - [Messenger] Received message, length: 280
[NX v23.1.1 Daemon Client] - 2026-08-01T08:25:00.148Z - [Messenger] Sending message type: POST_TASKS_EXECUTION
[NX v23.1.1 Daemon Client] - 2026-08-01T08:25:00.148Z - [Messenger] Message sent
[NX v23.1.1 Daemon Server] - 2026-08-01T08:25:00.149Z - Received raw message of length 35439
[NX v23.1.1 Daemon Server] - 2026-08-01T08:25:00.149Z - Received json message of type POST_TASKS_EXECUTION
[NX v23.1.1 Daemon Server] - 2026-08-01T08:25:00.149Z - Serializing response for POST_TASKS_EXECUTION message in json mode
[NX v23.1.1 Daemon Server] - 2026-08-01T08:25:00.149Z - Responding to POST_TASKS_EXECUTION message
[NX v23.1.1 Daemon Server] - 2026-08-01T08:25:00.149Z - [REQUEST]: Responding to the client. handleRunPostTasksExecution
[NX v23.1.1 Daemon Server] - 2026-08-01T08:25:00.149Z - Done responding to the client handleRunPostTasksExecution
[NX v23.1.1 Daemon Server] - 2026-08-01T08:25:00.149Z - Handled json message POST_TASKS_EXECUTION. Handling time: 0. Response time: 0.
[NX v23.1.1 Daemon Client] - 2026-08-01T08:25:00.149Z - [Messenger] Received message, length: 4
[NX v23.1.1 Daemon Server] - 2026-08-01T08:25:00.149Z - Time taken for 'postTasksExecution' 0.08595800001057796ms
[NX v23.1.1 Daemon Server] - 2026-08-01T08:25:00.153Z - Closed a connection. Number of open connections: 0
DEBUG nx::native::watch::watcher: idle-window emitting events count=14
DEBUG nx::native::watch::watcher:   [create] _site/blog/index.html
DEBUG nx::native::watch::watcher:   [create] _site/css/main.css
DEBUG nx::native::watch::watcher:   [create] _site/favicon.ico
DEBUG nx::native::watch::watcher:   [create] _site/links/index.html
DEBUG nx::native::watch::watcher:   [create] _site/CNAME
DEBUG nx::native::watch::watcher:   [create] _site/robots.txt
DEBUG nx::native::watch::watcher:   [create] _site/404.html
DEBUG nx::native::watch::watcher:   [create] _site/podcast/index.html
DEBUG nx::native::watch::watcher:   [create] _site/assets/images/favicon.svg
DEBUG nx::native::watch::watcher:   [create] _site/index.html
DEBUG nx::native::watch::watcher:   [create] _site/about/index.html
DEBUG nx::native::watch::watcher:   [create] _site/assets/images/favicon.ico
DEBUG nx::native::watch::watcher:   [create] _site/feed.xml
DEBUG nx::native::watch::watcher:   [create] _site/assets/css/prism.css
[NX v23.1.1 Daemon Server] - 2026-08-01T08:25:00.239Z - [WATCHER]: Processing file changes in outputs
DEBUG nx::native::watch::watcher: idle-window emitting events count=6
DEBUG nx::native::watch::watcher:   [delete] .playwright-mcp/page-2026-08-01T08-23-33-935Z.yml
DEBUG nx::native::watch::watcher:   [delete] .playwright-mcp/page-2026-08-01T08-24-19-375Z.png
DEBUG nx::native::watch::watcher:   [delete] .playwright-mcp/page-2026-08-01T08-24-05-743Z.yml
DEBUG nx::native::watch::watcher:   [delete] .playwright-mcp/page-2026-08-01T08-24-37-538Z.yml
DEBUG nx::native::watch::watcher:   [delete] .playwright-mcp/console-2026-08-01T08-24-36-983Z.log
DEBUG nx::native::watch::watcher:   [delete] .playwright-mcp/page-2026-08-01T08-23-42-546Z.png
[NX v23.1.1 Daemon Server] - 2026-08-01T08:25:05.260Z - [WATCHER]: Processing file changes in outputs
DEBUG nx::native::watch::watcher: idle-window emitting events count=6
DEBUG nx::native::watch::watcher:   [delete] .playwright-mcp/page-2026-08-01T08-23-42-546Z.png
DEBUG nx::native::watch::watcher:   [delete] .playwright-mcp/page-2026-08-01T08-24-19-375Z.png
DEBUG nx::native::watch::watcher:   [delete] .playwright-mcp/page-2026-08-01T08-24-05-743Z.yml
DEBUG nx::native::watch::watcher:   [delete] .playwright-mcp/page-2026-08-01T08-23-33-935Z.yml
DEBUG nx::native::watch::watcher:   [delete] .playwright-mcp/console-2026-08-01T08-24-36-983Z.log
DEBUG nx::native::watch::watcher:   [delete] .playwright-mcp/page-2026-08-01T08-24-37-538Z.yml
[NX v23.1.1 Daemon Server] - 2026-08-01T08:25:05.264Z - [WATCHER]: 0 file(s) created or restored, 0 file(s) modified, 6 file(s) deleted
[NX v23.1.1 Daemon Server] - 2026-08-01T08:25:05.264Z - [WATCHER]: [watcher] routeWorkspaceChanges batch: 6 events: delete:.playwright-mcp/page-2026-08-01T08-23-42-546Z.png, delete:.playwright-mcp/page-2026-08-01T08-24-19-375Z.png, delete:.playwright-mcp/page-2026-08-01T08-24-05-743Z.yml, delete:.playwright-mcp/page-2026-08-01T08-23-33-935Z.yml, delete:.playwright-mcp/console-2026-08-01T08-24-36-983Z.log, delete:.playwright-mcp/page-2026-08-01T08-24-37-538Z.yml
[NX v23.1.1 Daemon Server] - 2026-08-01T08:25:05.264Z - [WATCHER]: File changes detected:
Created:
(none)
Updated:
(none)
Deleted:
  - .playwright-mcp/page-2026-08-01T08-23-42-546Z.png
  - .playwright-mcp/page-2026-08-01T08-24-19-375Z.png
  - .playwright-mcp/page-2026-08-01T08-24-05-743Z.yml
  - .playwright-mcp/page-2026-08-01T08-23-33-935Z.yml
  - .playwright-mcp/console-2026-08-01T08-24-36-983Z.log
  - .playwright-mcp/page-2026-08-01T08-24-37-538Z.yml
[NX v23.1.1 Daemon Server] - 2026-08-01T08:25:05.264Z - [SYNC]: clearing sync generators cache due to file changes
[NX v23.1.1 Daemon Server] - 2026-08-01T08:25:05.264Z - [REQUEST]: Updated workspace context based on watched changes, recomputing project graph...
[NX v23.1.1 Daemon Server] - 2026-08-01T08:25:05.264Z - [REQUEST]: 
[NX v23.1.1 Daemon Server] - 2026-08-01T08:25:05.264Z - [REQUEST]: .playwright-mcp/page-2026-08-01T08-23-42-546Z.png,.playwright-mcp/page-2026-08-01T08-24-19-375Z.png,.playwright-mcp/page-2026-08-01T08-24-05-743Z.yml,.playwright-mcp/page-2026-08-01T08-23-33-935Z.yml,.playwright-mcp/console-2026-08-01T08-24-36-983Z.log,.playwright-mcp/page-2026-08-01T08-24-37-538Z.yml
[plugin-client] restarting worker for "nx/js/dependencies-and-lockfile"
[isolated-plugin] spawned worker for "nx/js/dependencies-and-lockfile" (pid: 26085, socket: /private/tmp/plugin22716-22-170616.448917.sock)
[plugin-client] restarting worker for "nx/core/package-json"
[isolated-plugin] spawned worker for "nx/core/package-json" (pid: 26086, socket: /private/tmp/plugin22716-23-170617.357042.sock)
[plugin-client] restarting worker for "nx/core/project-json"
[isolated-plugin] spawned worker for "nx/core/project-json" (pid: 26087, socket: /private/tmp/plugin22716-24-170617.753334.sock)
[NX v23.1.1 Daemon Server] - 2026-08-01T08:25:05.266Z - Time taken for 'hash changed files from watcher' 0.0599590000056196ms
[plugin-worker] "nx/core/project-json" (pid: 26087) listening on /private/tmp/plugin22716-24-170617.753334.sock
[plugin-worker] "nx/core/package-json" (pid: 26086) listening on /private/tmp/plugin22716-23-170617.357042.sock
[plugin-worker] "nx/js/dependencies-and-lockfile" (pid: 26085) listening on /private/tmp/plugin22716-22-170616.448917.sock
Time taken for 'plugin worker 26086 code loading' 108.160125ms
Time taken for 'plugin worker 26085 code loading' 108.64108300000001ms
Time taken for 'plugin worker 26087 code loading' 107.86858300000002ms
[isolated-plugin] connected to worker for "nx/js/dependencies-and-lockfile" (pid: 26085)
[isolated-plugin] connected to worker for "nx/core/package-json" (pid: 26086)
[isolated-plugin] connected to worker for "nx/core/project-json" (pid: 26087)
[NX v23.1.1 Daemon Server] - 2026-08-01T08:25:05.438Z - Time taken for 'start-plugin-worker:nx/js/dependencies-and-lockfile' 173.015625ms
[NX v23.1.1 Daemon Server] - 2026-08-01T08:25:05.438Z - Time taken for 'start-plugin-worker:nx/core/package-json' 172.18670900000143ms
[NX v23.1.1 Daemon Server] - 2026-08-01T08:25:05.438Z - Time taken for 'start-plugin-worker:nx/core/project-json' 171.83158300002106ms
[plugin-worker] "nx/core/project-json" (pid: 26087) connected
[plugin-worker] "nx/js/dependencies-and-lockfile" (pid: 26085) connected
[plugin-worker] "nx/core/package-json" (pid: 26086) connected
[plugin-worker] "nx/core/project-json" (pid: 26087) loaded successfully
[isolated-plugin] shutting down worker for "nx/core/project-json" after createNodes
[plugin-worker] "nx/core/package-json" (pid: 26086) loaded successfully
[plugin-worker] "nx/js/dependencies-and-lockfile" (pid: 26085) loaded successfully
Time taken for 'nx/js/dependencies-and-lockfile:createNodes' 2.809167000000002ms
[isolated-plugin] shutting down worker for "nx/core/package-json" after createNodes
[NX v23.1.1 Daemon Server] - 2026-08-01T08:25:05.692Z - Time taken for 'build-project-configs' 426.55199999999604ms
[NX v23.1.1 Daemon Server] - 2026-08-01T08:25:05.692Z - Time taken for 'createNodes:merge' 0.544292000005953ms
Time taken for 'build typescript dependencies' 0.05633299999999508ms
[isolated-plugin] shutting down worker for "nx/js/dependencies-and-lockfile" after createDependencies
[NX v23.1.1 Daemon Server] - 2026-08-01T08:25:05.697Z - [SYNC]: collect registered sync generators
[NX v23.1.1 Daemon Server] - 2026-08-01T08:25:05.697Z - [SYNC]: project graph hash is the same, not collecting task sync generators
[NX v23.1.1 Daemon Server] - 2026-08-01T08:25:05.697Z - [SYNC]: nx.json hash is the same, not collecting global sync generators
[NX v23.1.1 Daemon Server] - 2026-08-01T08:25:05.699Z - Wrote project graph cache to /Users/jaybell/WebstormProjects/jaybell.me/.nx/workspace-data/project-graph.json
[NX v23.1.1 Daemon Server] - 2026-08-01T08:25:05.699Z - Time taken for 'total execution time for createProjectGraph()' 5.303707999992184ms
[NX v23.1.1 Daemon Server] - 2026-08-01T08:25:05.699Z - Time taken for 'createDependencies' 4.554333000007318ms
[NX v23.1.1 Daemon Server] - 2026-08-01T08:25:05.699Z - Time taken for 'nx/js/dependencies-and-lockfile:createDependencies' 4.513375000009546ms
[NX v23.1.1 Daemon Server] - 2026-08-01T08:25:05.699Z - Time taken for 'createMetadata' 0.005042000004323199ms
[NX v23.1.1 Daemon Server] - 2026-08-01T08:25:05.699Z - Time taken for 'serialize graph' 0.7722910000011325ms
[NX v23.1.1 Daemon Server] - 2026-08-01T08:25:05.699Z - Time taken for 'write cache' 1.2180409999855328ms
DEBUG nx::native::watch::watcher: idle-window emitting events count=2
DEBUG nx::native::watch::watcher:   [create] .github/workflows/deploy.yml
DEBUG nx::native::watch::watcher:   [delete] .github/workflows/deploy.yml.2751-17.cc-edit.tmp
[NX v23.1.1 Daemon Server] - 2026-08-01T08:25:20.422Z - [WATCHER]: 1 file(s) created or restored, 0 file(s) modified, 1 file(s) deleted
[NX v23.1.1 Daemon Server] - 2026-08-01T08:25:20.422Z - [WATCHER]: [watcher] routeWorkspaceChanges batch: 2 events: create:.github/workflows/deploy.yml, delete:.github/workflows/deploy.yml.2751-17.cc-edit.tmp
[NX v23.1.1 Daemon Server] - 2026-08-01T08:25:20.422Z - [WATCHER]: File changes detected:
Created:
  - .github/workflows/deploy.yml
Updated:
(none)
Deleted:
  - .github/workflows/deploy.yml.2751-17.cc-edit.tmp
[NX v23.1.1 Daemon Server] - 2026-08-01T08:25:20.422Z - [SYNC]: clearing sync generators cache due to file changes
[NX v23.1.1 Daemon Server] - 2026-08-01T08:25:20.422Z - [REQUEST]: Updated workspace context based on watched changes, recomputing project graph...
[NX v23.1.1 Daemon Server] - 2026-08-01T08:25:20.423Z - [REQUEST]: .github/workflows/deploy.yml
[NX v23.1.1 Daemon Server] - 2026-08-01T08:25:20.423Z - [REQUEST]: .github/workflows/deploy.yml.2751-17.cc-edit.tmp
DEBUG nx::native::watch::watcher: idle-window emitting events count=2
DEBUG nx::native::watch::watcher:   [create] .github/workflows/deploy.yml
DEBUG nx::native::watch::watcher:   [delete] .github/workflows/deploy.yml.2751-17.cc-edit.tmp
[plugin-client] restarting worker for "nx/js/dependencies-and-lockfile"
[isolated-plugin] spawned worker for "nx/js/dependencies-and-lockfile" (pid: 26266, socket: /private/tmp/plugin22716-25-185775.33675.sock)
[plugin-client] restarting worker for "nx/core/package-json"
[isolated-plugin] spawned worker for "nx/core/package-json" (pid: 26267, socket: /private/tmp/plugin22716-26-185776.200792.sock)
[plugin-client] restarting worker for "nx/core/project-json"
[isolated-plugin] spawned worker for "nx/core/project-json" (pid: 26268, socket: /private/tmp/plugin22716-27-185776.559167.sock)
[NX v23.1.1 Daemon Server] - 2026-08-01T08:25:20.425Z - Time taken for 'hash changed files from watcher' 0.1899579999735579ms
[NX v23.1.1 Daemon Server] - 2026-08-01T08:25:20.425Z - [WATCHER]: Processing file changes in outputs
[plugin-worker] "nx/core/project-json" (pid: 26268) listening on /private/tmp/plugin22716-27-185776.559167.sock
[plugin-worker] "nx/js/dependencies-and-lockfile" (pid: 26266) listening on /private/tmp/plugin22716-25-185775.33675.sock
[plugin-worker] "nx/core/package-json" (pid: 26267) listening on /private/tmp/plugin22716-26-185776.200792.sock
Time taken for 'plugin worker 26267 code loading' 161.558208ms
Time taken for 'plugin worker 26266 code loading' 161.691333ms
Time taken for 'plugin worker 26268 code loading' 161.166042ms
[isolated-plugin] connected to worker for "nx/js/dependencies-and-lockfile" (pid: 26266)
[isolated-plugin] connected to worker for "nx/core/package-json" (pid: 26267)
[isolated-plugin] connected to worker for "nx/core/project-json" (pid: 26268)
[NX v23.1.1 Daemon Server] - 2026-08-01T08:25:20.641Z - Time taken for 'start-plugin-worker:nx/js/dependencies-and-lockfile' 216.53095799998846ms
[NX v23.1.1 Daemon Server] - 2026-08-01T08:25:20.641Z - Time taken for 'start-plugin-worker:nx/core/package-json' 215.8023749999993ms
[NX v23.1.1 Daemon Server] - 2026-08-01T08:25:20.641Z - Time taken for 'start-plugin-worker:nx/core/project-json' 215.7000420000113ms
[plugin-worker] "nx/core/project-json" (pid: 26268) connected
[plugin-worker] "nx/core/package-json" (pid: 26267) connected
[plugin-worker] "nx/js/dependencies-and-lockfile" (pid: 26266) connected
[plugin-worker] "nx/core/project-json" (pid: 26268) loaded successfully
[isolated-plugin] shutting down worker for "nx/core/project-json" after createNodes
[plugin-worker] "nx/core/package-json" (pid: 26267) loaded successfully
[plugin-worker] "nx/js/dependencies-and-lockfile" (pid: 26266) loaded successfully
Time taken for 'nx/js/dependencies-and-lockfile:createNodes' 2.251374999999996ms
[isolated-plugin] shutting down worker for "nx/core/package-json" after createNodes
[NX v23.1.1 Daemon Server] - 2026-08-01T08:25:20.888Z - Time taken for 'build-project-configs' 463.5170419999922ms
[NX v23.1.1 Daemon Server] - 2026-08-01T08:25:20.888Z - Time taken for 'createNodes:merge' 0.5548750000016298ms
Time taken for 'build typescript dependencies' 0.6896249999999782ms
[isolated-plugin] shutting down worker for "nx/js/dependencies-and-lockfile" after createDependencies
[NX v23.1.1 Daemon Server] - 2026-08-01T08:25:20.894Z - [SYNC]: collect registered sync generators
[NX v23.1.1 Daemon Server] - 2026-08-01T08:25:20.894Z - [SYNC]: project graph hash is the same, not collecting task sync generators
[NX v23.1.1 Daemon Server] - 2026-08-01T08:25:20.894Z - [SYNC]: nx.json hash is the same, not collecting global sync generators
[NX v23.1.1 Daemon Server] - 2026-08-01T08:25:20.895Z - Wrote project graph cache to /Users/jaybell/WebstormProjects/jaybell.me/.nx/workspace-data/project-graph.json
[NX v23.1.1 Daemon Server] - 2026-08-01T08:25:20.895Z - Time taken for 'total execution time for createProjectGraph()' 6.068541000015102ms
[NX v23.1.1 Daemon Server] - 2026-08-01T08:25:20.895Z - Time taken for 'createDependencies' 5.265832999983104ms
[NX v23.1.1 Daemon Server] - 2026-08-01T08:25:20.895Z - Time taken for 'nx/js/dependencies-and-lockfile:createDependencies' 5.216125000006286ms
[NX v23.1.1 Daemon Server] - 2026-08-01T08:25:20.895Z - Time taken for 'createMetadata' 0.00604199999361299ms
[NX v23.1.1 Daemon Server] - 2026-08-01T08:25:20.895Z - Time taken for 'serialize graph' 0.87995800000499ms
[NX v23.1.1 Daemon Server] - 2026-08-01T08:25:20.895Z - Time taken for 'write cache' 1.2761250000039581ms
DEBUG nx::native::watch::watcher: idle-window emitting events count=1
DEBUG nx::native::watch::watcher:   [update] styles/main.css
[NX v23.1.1 Daemon Server] - 2026-08-01T08:25:26.523Z - [WATCHER]: Processing file changes in outputs
DEBUG nx::native::watch::watcher: idle-window emitting events count=1
DEBUG nx::native::watch::watcher:   [update] styles/main.css
[NX v23.1.1 Daemon Server] - 2026-08-01T08:25:26.525Z - [WATCHER]: styles/main.css was modified
[NX v23.1.1 Daemon Server] - 2026-08-01T08:25:26.525Z - [WATCHER]: [watcher] routeWorkspaceChanges batch: 1 events: update:styles/main.css
[NX v23.1.1 Daemon Server] - 2026-08-01T08:25:26.525Z - [WATCHER]: File changes detected:
Created:
(none)
Updated:
  - styles/main.css
Deleted:
(none)
[NX v23.1.1 Daemon Server] - 2026-08-01T08:25:26.526Z - Time taken for 'hash changed files from watcher' 0.3588750000053551ms
[NX v23.1.1 Daemon Server] - 2026-08-01T08:25:26.838Z - Established a connection. Number of open connections: 1
[NX v23.1.1 Daemon Server] - 2026-08-01T08:25:26.839Z - Closed a connection. Number of open connections: 0
[NX v23.1.1 Daemon Server] - 2026-08-01T08:25:26.839Z - Established a connection. Number of open connections: 1
[NX v23.1.1 Daemon Server] - 2026-08-01T08:25:26.839Z - Closed a connection. Number of open connections: 0
[NX v23.1.1 Daemon Server] - 2026-08-01T08:25:26.839Z - Established a connection. Number of open connections: 1
[NX v23.1.1 Daemon Client] - 2026-08-01T08:25:26.839Z - [Messenger] Setting up socket listeners
[NX v23.1.1 Daemon Client] - 2026-08-01T08:25:26.840Z - [Messenger] listen() complete
[NX v23.1.1 Daemon Client] - 2026-08-01T08:25:26.849Z - [Messenger] Sending message type: GET_NX_CONSOLE_STATUS
[NX v23.1.1 Daemon Client] - 2026-08-01T08:25:26.849Z - [Messenger] Message sent
[NX v23.1.1 Daemon Server] - 2026-08-01T08:25:26.850Z - Received raw message of length 3607
[NX v23.1.1 Daemon Server] - 2026-08-01T08:25:26.850Z - Received json message of type GET_NX_CONSOLE_STATUS
[NX v23.1.1 Daemon Server] - 2026-08-01T08:25:26.850Z - Serializing response for GET_NX_CONSOLE_STATUS message in json mode
[NX v23.1.1 Daemon Server] - 2026-08-01T08:25:26.850Z - Responding to GET_NX_CONSOLE_STATUS message
[NX v23.1.1 Daemon Server] - 2026-08-01T08:25:26.850Z - [REQUEST]: Responding to the client. handleGetNxConsoleStatus
[NX v23.1.1 Daemon Server] - 2026-08-01T08:25:26.851Z - Done responding to the client handleGetNxConsoleStatus
[NX v23.1.1 Daemon Server] - 2026-08-01T08:25:26.851Z - Handled json message GET_NX_CONSOLE_STATUS. Handling time: 0. Response time: 1.
[NX v23.1.1 Daemon Client] - 2026-08-01T08:25:26.851Z - [Messenger] Received message, length: 22
[NX v23.1.1 Daemon Client] - 2026-08-01T08:25:26.894Z - [Messenger] Sending message type: REQUEST_PROJECT_GRAPH
[NX v23.1.1 Daemon Client] - 2026-08-01T08:25:26.894Z - [Messenger] Message sent
[NX v23.1.1 Daemon Server] - 2026-08-01T08:25:26.894Z - Received raw message of length 32
[NX v23.1.1 Daemon Server] - 2026-08-01T08:25:26.894Z - Received json message of type REQUEST_PROJECT_GRAPH
[NX v23.1.1 Daemon Server] - 2026-08-01T08:25:26.894Z - [REQUEST]: Client Request for Project Graph Received
DEBUG nx::native::watch::watcher: force-flush END count=0 replies=1 elapsed=62.577208ms
[NX v23.1.1 Daemon Server] - 2026-08-01T08:25:26.957Z - Reusing in-memory cached project graph because no files changed.
[NX v23.1.1 Daemon Server] - 2026-08-01T08:25:26.957Z - Serializing response for REQUEST_PROJECT_GRAPH message in json mode
[NX v23.1.1 Daemon Server] - 2026-08-01T08:25:26.957Z - Responding to REQUEST_PROJECT_GRAPH message
[NX v23.1.1 Daemon Server] - 2026-08-01T08:25:26.957Z - [REQUEST]: Responding to the client. project-graph
[NX v23.1.1 Daemon Server] - 2026-08-01T08:25:26.957Z - Time taken for 'total for creating and serializing project graph' 62.79520899997442ms
[NX v23.1.1 Daemon Server] - 2026-08-01T08:25:26.958Z - Done responding to the client project-graph
[NX v23.1.1 Daemon Server] - 2026-08-01T08:25:26.958Z - Handled json message REQUEST_PROJECT_GRAPH. Handling time: 63. Response time: 1.
[NX v23.1.1 Daemon Client] - 2026-08-01T08:25:26.958Z - [Messenger] Received message, length: 283837
[NX v23.1.1 Daemon Client] - 2026-08-01T08:25:26.962Z - [Messenger] Sending message type: PRE_TASKS_EXECUTION
[NX v23.1.1 Daemon Client] - 2026-08-01T08:25:26.962Z - [Messenger] Message sent
[NX v23.1.1 Daemon Server] - 2026-08-01T08:25:26.962Z - Received raw message of length 715
[NX v23.1.1 Daemon Server] - 2026-08-01T08:25:26.962Z - Received json message of type PRE_TASKS_EXECUTION
[NX v23.1.1 Daemon Server] - 2026-08-01T08:25:26.962Z - Serializing response for PRE_TASKS_EXECUTION message in json mode
[NX v23.1.1 Daemon Server] - 2026-08-01T08:25:26.962Z - Responding to PRE_TASKS_EXECUTION message
[NX v23.1.1 Daemon Server] - 2026-08-01T08:25:26.962Z - [REQUEST]: Responding to the client. handleRunPreTasksExecution
[NX v23.1.1 Daemon Server] - 2026-08-01T08:25:26.962Z - Done responding to the client handleRunPreTasksExecution
[NX v23.1.1 Daemon Server] - 2026-08-01T08:25:26.962Z - Handled json message PRE_TASKS_EXECUTION. Handling time: 0. Response time: 0.
[NX v23.1.1 Daemon Server] - 2026-08-01T08:25:26.962Z - Time taken for 'preTasksExecution' 0.07329200001549907ms
[NX v23.1.1 Daemon Client] - 2026-08-01T08:25:26.962Z - [Messenger] Received message, length: 2
[NX v23.1.1 Daemon Client] - 2026-08-01T08:25:27.210Z - [Messenger] Sending message type: HASH_TASKS
[NX v23.1.1 Daemon Client] - 2026-08-01T08:25:27.210Z - [Messenger] Message sent
[NX v23.1.1 Daemon Server] - 2026-08-01T08:25:27.210Z - Received raw message of length 9378
[NX v23.1.1 Daemon Server] - 2026-08-01T08:25:27.211Z - Received json message of type HASH_TASKS
DEBUG nx::native::watch::watcher: force-flush END count=0 replies=1 elapsed=66.424916ms
[NX v23.1.1 Daemon Server] - 2026-08-01T08:25:27.277Z - Reusing in-memory cached project graph because no files changed.
DEBUG nx::native::tasks::hash_planner: get_plans_internal COMPLETED in 896.042µs - processed 2 tasks (setup: 362.208µs, parallel_planning: 532.25µs, pool: 692 unique instructions)
DEBUG nx::native::tasks::hashers::hash_workspace_files: Hashing workspace fileset: Adding "17205265668418528398" (".gitignore") to hash
DEBUG nx::native::tasks::hashers::hash_workspace_files: Hashing workspace fileset: Adding "16829365538347415742" ("nx.json") to hash
DEBUG nx::native::tasks::hashers::hash_workspace_files: Hashing workspace fileset: Hash Value: "2131520125112209476"
DEBUG nx::native::tasks::task_hasher: hash_plans COMPLETED in 1.187583ms - processed 2 plans (setup: 80.958µs, hashing: 1.106042ms, assembly: 437.333µs)
[NX v23.1.1 Daemon Server] - 2026-08-01T08:25:27.281Z - Serializing response for HASH_TASKS message in json mode
[NX v23.1.1 Daemon Server] - 2026-08-01T08:25:27.281Z - Responding to HASH_TASKS message
[NX v23.1.1 Daemon Server] - 2026-08-01T08:25:27.281Z - [REQUEST]: Responding to the client. handleHashTasks
[NX v23.1.1 Daemon Server] - 2026-08-01T08:25:27.282Z - Done responding to the client handleHashTasks
[NX v23.1.1 Daemon Server] - 2026-08-01T08:25:27.282Z - Handled json message HASH_TASKS. Handling time: 70. Response time: 1.
[NX v23.1.1 Daemon Client] - 2026-08-01T08:25:27.282Z - [Messenger] Received message, length: 32801
[NX v23.1.1 Daemon Client] - 2026-08-01T08:25:27.316Z - [Messenger] Sending message type: GET_ESTIMATED_TASK_TIMINGS
[NX v23.1.1 Daemon Client] - 2026-08-01T08:25:27.316Z - [Messenger] Message sent
[NX v23.1.1 Daemon Server] - 2026-08-01T08:25:27.316Z - Received raw message of length 129
[NX v23.1.1 Daemon Server] - 2026-08-01T08:25:27.316Z - Received json message of type GET_ESTIMATED_TASK_TIMINGS
[NX v23.1.1 Daemon Server] - 2026-08-01T08:25:27.316Z - Serializing response for GET_ESTIMATED_TASK_TIMINGS message in json mode
[NX v23.1.1 Daemon Server] - 2026-08-01T08:25:27.316Z - Responding to GET_ESTIMATED_TASK_TIMINGS message
[NX v23.1.1 Daemon Server] - 2026-08-01T08:25:27.316Z - [REQUEST]: Responding to the client. handleGetEstimatedTaskTimings
[NX v23.1.1 Daemon Server] - 2026-08-01T08:25:27.316Z - Done responding to the client handleGetEstimatedTaskTimings
[NX v23.1.1 Daemon Server] - 2026-08-01T08:25:27.316Z - Handled json message GET_ESTIMATED_TASK_TIMINGS. Handling time: 0. Response time: 0.
[NX v23.1.1 Daemon Client] - 2026-08-01T08:25:27.317Z - [Messenger] Received message, length: 50
[NX v23.1.1 Daemon Client] - 2026-08-01T08:25:27.318Z - [Messenger] Sending message type: OUTPUTS_HASHES_MATCH_BATCH
[NX v23.1.1 Daemon Client] - 2026-08-01T08:25:27.318Z - [Messenger] Message sent
[NX v23.1.1 Daemon Server] - 2026-08-01T08:25:27.318Z - Received raw message of length 96
[NX v23.1.1 Daemon Server] - 2026-08-01T08:25:27.318Z - Received json message of type OUTPUTS_HASHES_MATCH_BATCH
[NX v23.1.1 Daemon Server] - 2026-08-01T08:25:27.321Z - Serializing response for OUTPUTS_HASHES_MATCH_BATCH message in json mode
[NX v23.1.1 Daemon Server] - 2026-08-01T08:25:27.321Z - Responding to OUTPUTS_HASHES_MATCH_BATCH message
[NX v23.1.1 Daemon Server] - 2026-08-01T08:25:27.321Z - [REQUEST]: Responding to the client. outputsHashesMatchBatch
[NX v23.1.1 Daemon Server] - 2026-08-01T08:25:27.322Z - Done responding to the client outputsHashesMatchBatch
[NX v23.1.1 Daemon Server] - 2026-08-01T08:25:27.322Z - Handled json message OUTPUTS_HASHES_MATCH_BATCH. Handling time: 3. Response time: 1.
[NX v23.1.1 Daemon Client] - 2026-08-01T08:25:27.322Z - [Messenger] Received message, length: 6
[NX v23.1.1 Daemon Client] - 2026-08-01T08:25:28.318Z - [Messenger] Sending message type: RECORD_OUTPUTS_HASH_BATCH
[NX v23.1.1 Daemon Client] - 2026-08-01T08:25:28.318Z - [Messenger] Message sent
[NX v23.1.1 Daemon Server] - 2026-08-01T08:25:28.318Z - Received raw message of length 127
[NX v23.1.1 Daemon Server] - 2026-08-01T08:25:28.318Z - Received json message of type RECORD_OUTPUTS_HASH_BATCH
[NX v23.1.1 Daemon Server] - 2026-08-01T08:25:28.318Z - Serializing response for RECORD_OUTPUTS_HASH_BATCH message in json mode
[NX v23.1.1 Daemon Server] - 2026-08-01T08:25:28.319Z - Responding to RECORD_OUTPUTS_HASH_BATCH message
[NX v23.1.1 Daemon Server] - 2026-08-01T08:25:28.319Z - [REQUEST]: Responding to the client. recordOutputsHashBatch
[NX v23.1.1 Daemon Server] - 2026-08-01T08:25:28.319Z - Done responding to the client recordOutputsHashBatch
[NX v23.1.1 Daemon Server] - 2026-08-01T08:25:28.319Z - Handled json message RECORD_OUTPUTS_HASH_BATCH. Handling time: 0. Response time: 1.
[NX v23.1.1 Daemon Client] - 2026-08-01T08:25:28.319Z - [Messenger] Received message, length: 2
[NX v23.1.1 Daemon Client] - 2026-08-01T08:25:28.320Z - [Messenger] Sending message type: RECORD_TASK_RUNS
[NX v23.1.1 Daemon Client] - 2026-08-01T08:25:28.320Z - [Messenger] Message sent
[NX v23.1.1 Daemon Server] - 2026-08-01T08:25:28.320Z - Received raw message of length 394
[NX v23.1.1 Daemon Server] - 2026-08-01T08:25:28.320Z - Received json message of type RECORD_TASK_RUNS
[NX v23.1.1 Daemon Server] - 2026-08-01T08:25:28.320Z - Serializing response for RECORD_TASK_RUNS message in json mode
[NX v23.1.1 Daemon Server] - 2026-08-01T08:25:28.320Z - Responding to RECORD_TASK_RUNS message
[NX v23.1.1 Daemon Server] - 2026-08-01T08:25:28.320Z - [REQUEST]: Responding to the client. handleRecordTaskRuns
[NX v23.1.1 Daemon Server] - 2026-08-01T08:25:28.320Z - Done responding to the client handleRecordTaskRuns
[NX v23.1.1 Daemon Server] - 2026-08-01T08:25:28.320Z - Handled json message RECORD_TASK_RUNS. Handling time: 0. Response time: 0.
[NX v23.1.1 Daemon Client] - 2026-08-01T08:25:28.320Z - [Messenger] Received message, length: 4
[NX v23.1.1 Daemon Client] - 2026-08-01T08:25:28.320Z - [Messenger] Sending message type: GET_FLAKY_TASKS
[NX v23.1.1 Daemon Client] - 2026-08-01T08:25:28.320Z - [Messenger] Message sent
[NX v23.1.1 Daemon Server] - 2026-08-01T08:25:28.320Z - Received raw message of length 60
[NX v23.1.1 Daemon Server] - 2026-08-01T08:25:28.321Z - Received json message of type GET_FLAKY_TASKS
[NX v23.1.1 Daemon Server] - 2026-08-01T08:25:28.321Z - Serializing response for GET_FLAKY_TASKS message in json mode
[NX v23.1.1 Daemon Server] - 2026-08-01T08:25:28.321Z - Responding to GET_FLAKY_TASKS message
[NX v23.1.1 Daemon Server] - 2026-08-01T08:25:28.321Z - [REQUEST]: Responding to the client. handleGetFlakyTasks
[NX v23.1.1 Daemon Server] - 2026-08-01T08:25:28.321Z - Done responding to the client handleGetFlakyTasks
[NX v23.1.1 Daemon Server] - 2026-08-01T08:25:28.321Z - Handled json message GET_FLAKY_TASKS. Handling time: 0. Response time: 0.
[NX v23.1.1 Daemon Client] - 2026-08-01T08:25:28.321Z - [Messenger] Received message, length: 2
[NX v23.1.1 Daemon Server] - 2026-08-01T08:25:28.321Z - Established a connection. Number of open connections: 2
[NX v23.1.1 Daemon Client] - 2026-08-01T08:25:28.321Z - [Messenger] Sending message type: GET_CONFIGURE_AI_AGENTS_STATUS
[NX v23.1.1 Daemon Client] - 2026-08-01T08:25:28.321Z - [Messenger] Message sent
[NX v23.1.1 Daemon Server] - 2026-08-01T08:25:28.321Z - Closed a connection. Number of open connections: 1
[NX v23.1.1 Daemon Server] - 2026-08-01T08:25:28.321Z - Received raw message of length 41
[NX v23.1.1 Daemon Server] - 2026-08-01T08:25:28.321Z - Received json message of type GET_CONFIGURE_AI_AGENTS_STATUS
[NX v23.1.1 Daemon Server] - 2026-08-01T08:25:28.321Z - [AI-AGENTS]: Returning cached agent configuration status
[NX v23.1.1 Daemon Server] - 2026-08-01T08:25:28.321Z - Serializing response for GET_CONFIGURE_AI_AGENTS_STATUS message in json mode
[NX v23.1.1 Daemon Server] - 2026-08-01T08:25:28.321Z - Responding to GET_CONFIGURE_AI_AGENTS_STATUS message
[NX v23.1.1 Daemon Server] - 2026-08-01T08:25:28.321Z - [REQUEST]: Responding to the client. handleGetConfigureAiAgentsStatus
[NX v23.1.1 Daemon Server] - 2026-08-01T08:25:28.321Z - Done responding to the client handleGetConfigureAiAgentsStatus
[NX v23.1.1 Daemon Server] - 2026-08-01T08:25:28.321Z - Handled json message GET_CONFIGURE_AI_AGENTS_STATUS. Handling time: 0. Response time: 0.
[NX v23.1.1 Daemon Client] - 2026-08-01T08:25:28.321Z - [Messenger] Received message, length: 280
[NX v23.1.1 Daemon Client] - 2026-08-01T08:25:28.323Z - [Messenger] Sending message type: POST_TASKS_EXECUTION
[NX v23.1.1 Daemon Client] - 2026-08-01T08:25:28.323Z - [Messenger] Message sent
[NX v23.1.1 Daemon Server] - 2026-08-01T08:25:28.323Z - Received raw message of length 35452
[NX v23.1.1 Daemon Server] - 2026-08-01T08:25:28.323Z - Received json message of type POST_TASKS_EXECUTION
[NX v23.1.1 Daemon Server] - 2026-08-01T08:25:28.323Z - Serializing response for POST_TASKS_EXECUTION message in json mode
[NX v23.1.1 Daemon Server] - 2026-08-01T08:25:28.323Z - Responding to POST_TASKS_EXECUTION message
[NX v23.1.1 Daemon Server] - 2026-08-01T08:25:28.323Z - [REQUEST]: Responding to the client. handleRunPostTasksExecution
[NX v23.1.1 Daemon Server] - 2026-08-01T08:25:28.323Z - Done responding to the client handleRunPostTasksExecution
[NX v23.1.1 Daemon Server] - 2026-08-01T08:25:28.323Z - Handled json message POST_TASKS_EXECUTION. Handling time: 0. Response time: 0.
[NX v23.1.1 Daemon Client] - 2026-08-01T08:25:28.323Z - [Messenger] Received message, length: 4
[NX v23.1.1 Daemon Server] - 2026-08-01T08:25:28.323Z - Time taken for 'postTasksExecution' 0.08312500000465661ms
[NX v23.1.1 Daemon Server] - 2026-08-01T08:25:28.328Z - Closed a connection. Number of open connections: 0
DEBUG nx::native::watch::watcher: idle-window emitting events count=14
DEBUG nx::native::watch::watcher:   [update] _site/blog/index.html
DEBUG nx::native::watch::watcher:   [create] _site/css/main.css
DEBUG nx::native::watch::watcher:   [create] _site/favicon.ico
DEBUG nx::native::watch::watcher:   [update] _site/links/index.html
DEBUG nx::native::watch::watcher:   [create] _site/CNAME
DEBUG nx::native::watch::watcher:   [create] _site/robots.txt
DEBUG nx::native::watch::watcher:   [update] _site/404.html
DEBUG nx::native::watch::watcher:   [update] _site/podcast/index.html
DEBUG nx::native::watch::watcher:   [create] _site/assets/images/favicon.svg
DEBUG nx::native::watch::watcher:   [update] _site/index.html
DEBUG nx::native::watch::watcher:   [update] _site/about/index.html
DEBUG nx::native::watch::watcher:   [create] _site/assets/images/favicon.ico
DEBUG nx::native::watch::watcher:   [update] _site/feed.xml
DEBUG nx::native::watch::watcher:   [create] _site/assets/css/prism.css
[NX v23.1.1 Daemon Server] - 2026-08-01T08:25:28.419Z - [WATCHER]: Processing file changes in outputs
DEBUG nx::native::watch::watcher: idle-window emitting events count=1
DEBUG nx::native::watch::watcher:   [delete] _tmp_27236_655bb8df64d6b5a43007f1d78496348d
[NX v23.1.1 Daemon Server] - 2026-08-01T08:26:20.193Z - [WATCHER]: _tmp_27236_655bb8df64d6b5a43007f1d78496348d was deleted
[NX v23.1.1 Daemon Server] - 2026-08-01T08:26:20.193Z - [WATCHER]: [watcher] routeWorkspaceChanges batch: 1 events: delete:_tmp_27236_655bb8df64d6b5a43007f1d78496348d
[NX v23.1.1 Daemon Server] - 2026-08-01T08:26:20.193Z - [WATCHER]: File changes detected:
Created:
(none)
Updated:
(none)
Deleted:
  - _tmp_27236_655bb8df64d6b5a43007f1d78496348d
[NX v23.1.1 Daemon Server] - 2026-08-01T08:26:20.193Z - [SYNC]: clearing sync generators cache due to file changes
[NX v23.1.1 Daemon Server] - 2026-08-01T08:26:20.194Z - [REQUEST]: Updated workspace context based on watched changes, recomputing project graph...
[NX v23.1.1 Daemon Server] - 2026-08-01T08:26:20.194Z - [REQUEST]: 
[NX v23.1.1 Daemon Server] - 2026-08-01T08:26:20.194Z - [REQUEST]: _tmp_27236_655bb8df64d6b5a43007f1d78496348d
DEBUG nx::native::watch::watcher: idle-window emitting events count=1
DEBUG nx::native::watch::watcher:   [delete] _tmp_27236_655bb8df64d6b5a43007f1d78496348d
[plugin-client] restarting worker for "nx/js/dependencies-and-lockfile"
[isolated-plugin] spawned worker for "nx/js/dependencies-and-lockfile" (pid: 27253, socket: /private/tmp/plugin22716-28-245590.057375.sock)
[plugin-client] restarting worker for "nx/core/package-json"
[isolated-plugin] spawned worker for "nx/core/package-json" (pid: 27254, socket: /private/tmp/plugin22716-29-245591.867667.sock)
[plugin-client] restarting worker for "nx/core/project-json"
[isolated-plugin] spawned worker for "nx/core/project-json" (pid: 27255, socket: /private/tmp/plugin22716-30-245592.656834.sock)
[NX v23.1.1 Daemon Server] - 2026-08-01T08:26:20.241Z - Time taken for 'hash changed files from watcher' 0.0865419999754522ms
[NX v23.1.1 Daemon Server] - 2026-08-01T08:26:20.242Z - [WATCHER]: Processing file changes in outputs
[plugin-worker] "nx/core/package-json" (pid: 27254) listening on /private/tmp/plugin22716-29-245591.867667.sock
[isolated-plugin] connected to worker for "nx/core/package-json" (pid: 27254)
[NX v23.1.1 Daemon Server] - 2026-08-01T08:26:20.643Z - Time taken for 'start-plugin-worker:nx/core/package-json' 402.9401670000225ms
[plugin-worker] "nx/core/project-json" (pid: 27255) listening on /private/tmp/plugin22716-30-245592.656834.sock
Time taken for 'plugin worker 27255 code loading' 416.22450000000003ms
[isolated-plugin] connected to worker for "nx/core/project-json" (pid: 27255)
[NX v23.1.1 Daemon Server] - 2026-08-01T08:26:20.723Z - Time taken for 'start-plugin-worker:nx/core/project-json' 481.34312499998487ms
[plugin-worker] "nx/js/dependencies-and-lockfile" (pid: 27253) listening on /private/tmp/plugin22716-28-245590.057375.sock
Time taken for 'plugin worker 27253 code loading' 454.29200000000003ms
[isolated-plugin] connected to worker for "nx/js/dependencies-and-lockfile" (pid: 27253)
[NX v23.1.1 Daemon Server] - 2026-08-01T08:26:20.764Z - Time taken for 'start-plugin-worker:nx/js/dependencies-and-lockfile' 525.7862089999835ms
[plugin-worker] "nx/js/dependencies-and-lockfile" (pid: 27253) connected
[plugin-worker] "nx/js/dependencies-and-lockfile" (pid: 27253) loaded successfully
Time taken for 'plugin worker 27254 code loading' 333.67199999999997ms
[plugin-worker] "nx/core/package-json" (pid: 27254) connected
[plugin-worker] "nx/core/project-json" (pid: 27255) connected
Time taken for 'nx/js/dependencies-and-lockfile:createNodes' 3.9966249999999945ms
[plugin-worker] "nx/core/project-json" (pid: 27255) loaded successfully
[isolated-plugin] shutting down worker for "nx/core/project-json" after createNodes
[plugin-worker] "nx/core/package-json" (pid: 27254) loaded successfully
[isolated-plugin] shutting down worker for "nx/core/package-json" after createNodes
[NX v23.1.1 Daemon Server] - 2026-08-01T08:26:21.514Z - Time taken for 'build-project-configs' 1272.0897919999843ms
[NX v23.1.1 Daemon Server] - 2026-08-01T08:26:21.514Z - Time taken for 'createNodes:merge' 1.0492910000029951ms
Time taken for 'build typescript dependencies' 0.19650000000001455ms
[isolated-plugin] shutting down worker for "nx/js/dependencies-and-lockfile" after createDependencies
[NX v23.1.1 Daemon Server] - 2026-08-01T08:26:21.523Z - [SYNC]: collect registered sync generators
[NX v23.1.1 Daemon Server] - 2026-08-01T08:26:21.523Z - [SYNC]: project graph hash is the same, not collecting task sync generators
[NX v23.1.1 Daemon Server] - 2026-08-01T08:26:21.523Z - [SYNC]: nx.json hash is the same, not collecting global sync generators
[NX v23.1.1 Daemon Server] - 2026-08-01T08:26:21.529Z - Wrote project graph cache to /Users/jaybell/WebstormProjects/jaybell.me/.nx/workspace-data/project-graph.json
[NX v23.1.1 Daemon Server] - 2026-08-01T08:26:21.529Z - Time taken for 'total execution time for createProjectGraph()' 9.40166699999827ms
[NX v23.1.1 Daemon Server] - 2026-08-01T08:26:21.529Z - Time taken for 'createDependencies' 8.017041999992216ms
[NX v23.1.1 Daemon Server] - 2026-08-01T08:26:21.529Z - Time taken for 'nx/js/dependencies-and-lockfile:createDependencies' 7.8567089999851305ms
[NX v23.1.1 Daemon Server] - 2026-08-01T08:26:21.529Z - Time taken for 'createMetadata' 0.01800000001094304ms
[NX v23.1.1 Daemon Server] - 2026-08-01T08:26:21.529Z - Time taken for 'serialize graph' 1.3548750000190921ms
[NX v23.1.1 Daemon Server] - 2026-08-01T08:26:21.529Z - Time taken for 'write cache' 5.9045420000038575ms
[NX v23.1.1 Daemon Server] - 2026-08-01T08:26:23.911Z - [Server] lock file hash changed! old=1540361969993085783, new=13138150329726906785
[NX v23.1.1 Daemon Server] - 2026-08-01T08:26:23.911Z - [Server] Daemon outdated: LOCK_FILES_CHANGED
[NX v23.1.1 Daemon Server] - 2026-08-01T08:26:23.911Z - [Server] Restarting daemon...
[NX v23.1.1 Daemon Server] - 2026-08-01T08:26:23.912Z - Restarting daemon with script: /Users/jaybell/WebstormProjects/jaybell.me/node_modules/.pnpm/nx@23.1.1/node_modules/nx/dist/src/daemon/server/start.js
[NX v23.1.1 Daemon Server] - 2026-08-01T08:26:23.912Z - Old daemon __dirname: /Users/jaybell/WebstormProjects/jaybell.me/node_modules/.pnpm/nx@23.1.1/node_modules/nx/dist/src/daemon/server
[NX v23.1.1 Daemon Server] - 2026-08-01T08:26:23.912Z - Current process.execPath: /Users/jaybell/.local/share/fnm/node-versions/v26.5.1/installation/bin/node
[NX v23.1.1 Daemon Server] - 2026-08-01T08:26:23.914Z - Started new daemon process in background
DEBUG nx::native::watch::watcher: watching stopped origin=/Users/jaybell/WebstormProjects/jaybell.me
[NX v23.1.1 Daemon Server] - 2026-08-01T08:26:23.917Z - [WATCHER]: Stopping the watcher for /Users/jaybell/WebstormProjects/jaybell.me (sources)
DEBUG nx::native::watch::watcher: watching stopped origin=/Users/jaybell/WebstormProjects/jaybell.me
[NX v23.1.1 Daemon Server] - 2026-08-01T08:26:23.917Z - [WATCHER]: Stopping the watcher for /Users/jaybell/WebstormProjects/jaybell.me (outputs)
[NX v23.1.1 Daemon Server] - 2026-08-01T08:26:23.917Z - [LATEST-NX]: Cleaning up latest Nx installation from /private/tmp/tmp-22716-09rm5VpMm12s
[NX v23.1.1 Daemon Server] - 2026-08-01T08:26:23.917Z - Server stopped because: "LOCK_FILES_CHANGED"
DEBUG nx::native::watch::watcher: watching started origin=/Users/jaybell/WebstormProjects/jaybell.me
[NX v23.1.1 Daemon Server] - 2026-08-01T08:26:24.349Z - [WATCHER]: Subscribed to changes within: /Users/jaybell/WebstormProjects/jaybell.me (native)
[NX v23.1.1 Daemon Server] - 2026-08-01T08:26:24.352Z - New daemon starting from: /Users/jaybell/WebstormProjects/jaybell.me/node_modules/.pnpm/nx@23.1.1/node_modules/nx/dist/src/daemon/server/server.js
[NX v23.1.1 Daemon Server] - 2026-08-01T08:26:24.352Z - New daemon __dirname: /Users/jaybell/WebstormProjects/jaybell.me/node_modules/.pnpm/nx@23.1.1/node_modules/nx/dist/src/daemon/server
[NX v23.1.1 Daemon Server] - 2026-08-01T08:26:24.352Z - New daemon nxVersion: 23.1.1
[NX v23.1.1 Daemon Server] - 2026-08-01T08:26:24.353Z - New daemon getInstalledNxVersion(): 23.1.1
[NX v23.1.1 Daemon Server] - 2026-08-01T08:26:24.354Z - Time taken for 'workspace context init' 0.31475000000000364ms
[NX v23.1.1 Daemon Server] - 2026-08-01T08:26:24.356Z - [Server] Starting outdated check interval (20ms)
[NX v23.1.1 Daemon Server] - 2026-08-01T08:26:24.357Z - Started listening on: /private/tmp/28a8e77cc23e1aaeeaab/d.sock
DEBUG nx::native::watch::watcher: watching started origin=/Users/jaybell/WebstormProjects/jaybell.me
[NX v23.1.1 Daemon Server] - 2026-08-01T08:26:24.369Z - [LATEST-NX]: Pulling latest Nx...
[NX v23.1.1 Daemon Server] - 2026-08-01T08:26:24.407Z - [AI-AGENTS]: Starting agent configuration status computation
[isolated-plugin] spawned worker for "/Users/jaybell/WebstormProjects/jaybell.me/node_modules/.pnpm/nx@23.1.1/node_modules/nx/dist/src/plugins/js" (pid: 27419, socket: /private/tmp/plugin27417-0-225.889625.sock)
[isolated-plugin] spawned worker for "/Users/jaybell/WebstormProjects/jaybell.me/node_modules/.pnpm/nx@23.1.1/node_modules/nx/dist/src/plugins/package-json" (pid: 27420, socket: /private/tmp/plugin27417-1-244.791875.sock)
[isolated-plugin] spawned worker for "/Users/jaybell/WebstormProjects/jaybell.me/node_modules/.pnpm/nx@23.1.1/node_modules/nx/dist/src/plugins/project-json/build-nodes/project-json" (pid: 27421, socket: /private/tmp/plugin27417-2-267.176791.sock)
[NX v23.1.1 Daemon Server] - 2026-08-01T08:26:24.462Z - Time taken for 'hash changed files from watcher' 0.027707999999989852ms
[NX v23.1.1 Daemon Server] - 2026-08-01T08:26:24.462Z - Time taken for 'loadSpecifiedNxPlugins' 88.086209ms
DEBUG nx::native::watch::watcher: idle-window emitting events count=1
DEBUG nx::native::watch::watcher:   [create] .nx/workspace-data/d/server-process.json
[NX v23.1.1 Daemon Server] - 2026-08-01T08:26:24.498Z - [WATCHER]: Processing file changes in outputs
[plugin-worker] "/Users/jaybell/WebstormProjects/jaybell.me/node_modules/.pnpm/nx@23.1.1/node_modules/nx/dist/src/plugins/package-json" (pid: 27420) listening on /private/tmp/plugin27417-1-244.791875.sock
[plugin-worker] "/Users/jaybell/WebstormProjects/jaybell.me/node_modules/.pnpm/nx@23.1.1/node_modules/nx/dist/src/plugins/project-json/build-nodes/project-json" (pid: 27421) listening on /private/tmp/plugin27417-2-267.176791.sock
Time taken for 'plugin worker 27421 code loading' 132.59108300000003ms
Time taken for 'plugin worker 27420 code loading' 160.117458ms
[isolated-plugin] connected to worker for "/Users/jaybell/WebstormProjects/jaybell.me/node_modules/.pnpm/nx@23.1.1/node_modules/nx/dist/src/plugins/package-json" (pid: 27420)
[isolated-plugin] connected to worker for "/Users/jaybell/WebstormProjects/jaybell.me/node_modules/.pnpm/nx@23.1.1/node_modules/nx/dist/src/plugins/project-json/build-nodes/project-json" (pid: 27421)
[NX v23.1.1 Daemon Server] - 2026-08-01T08:26:24.647Z - Time taken for 'start-plugin-worker:/Users/jaybell/WebstormProjects/jaybell.me/node_modules/.pnpm/nx@23.1.1/node_modules/nx/dist/src/plugins/package-json' 213.322625ms
[NX v23.1.1 Daemon Server] - 2026-08-01T08:26:24.647Z - Time taken for 'start-plugin-worker:/Users/jaybell/WebstormProjects/jaybell.me/node_modules/.pnpm/nx@23.1.1/node_modules/nx/dist/src/plugins/project-json/build-nodes/project-json' 195.52425000000005ms
[plugin-worker] "/Users/jaybell/WebstormProjects/jaybell.me/node_modules/.pnpm/nx@23.1.1/node_modules/nx/dist/src/plugins/project-json/build-nodes/project-json" (pid: 27421) connected
[plugin-worker] "/Users/jaybell/WebstormProjects/jaybell.me/node_modules/.pnpm/nx@23.1.1/node_modules/nx/dist/src/plugins/package-json" (pid: 27420) connected
[plugin-worker] "/Users/jaybell/WebstormProjects/jaybell.me/node_modules/.pnpm/nx@23.1.1/node_modules/nx/dist/src/plugins/project-json/build-nodes/project-json" (pid: 27421) loaded successfully
[plugin-worker] "/Users/jaybell/WebstormProjects/jaybell.me/node_modules/.pnpm/nx@23.1.1/node_modules/nx/dist/src/plugins/js" (pid: 27419) listening on /private/tmp/plugin27417-0-225.889625.sock
[NX v23.1.1 Daemon Server] - 2026-08-01T08:26:24.652Z - Time taken for 'Load Nx Plugin: /Users/jaybell/WebstormProjects/jaybell.me/node_modules/.pnpm/nx@23.1.1/node_modules/nx/dist/src/plugins/project-json/build-nodes/project-json' 282.25758299999995ms
[plugin-worker] "/Users/jaybell/WebstormProjects/jaybell.me/node_modules/.pnpm/nx@23.1.1/node_modules/nx/dist/src/plugins/package-json" (pid: 27420) loaded successfully
[NX v23.1.1 Daemon Server] - 2026-08-01T08:26:24.654Z - Time taken for 'Load Nx Plugin: /Users/jaybell/WebstormProjects/jaybell.me/node_modules/.pnpm/nx@23.1.1/node_modules/nx/dist/src/plugins/package-json' 285.092333ms
Time taken for 'plugin worker 27419 code loading' 176.009333ms
[isolated-plugin] connected to worker for "/Users/jaybell/WebstormProjects/jaybell.me/node_modules/.pnpm/nx@23.1.1/node_modules/nx/dist/src/plugins/js" (pid: 27419)
[NX v23.1.1 Daemon Server] - 2026-08-01T08:26:24.658Z - Time taken for 'start-plugin-worker:/Users/jaybell/WebstormProjects/jaybell.me/node_modules/.pnpm/nx@23.1.1/node_modules/nx/dist/src/plugins/js' 243.594542ms
[plugin-worker] "/Users/jaybell/WebstormProjects/jaybell.me/node_modules/.pnpm/nx@23.1.1/node_modules/nx/dist/src/plugins/js" (pid: 27419) connected
[plugin-worker] "/Users/jaybell/WebstormProjects/jaybell.me/node_modules/.pnpm/nx@23.1.1/node_modules/nx/dist/src/plugins/js" (pid: 27419) loaded successfully
[NX v23.1.1 Daemon Server] - 2026-08-01T08:26:24.667Z - [REQUEST]: Updated workspace context based on watched changes, recomputing project graph...
[NX v23.1.1 Daemon Server] - 2026-08-01T08:26:24.667Z - [REQUEST]: 
[NX v23.1.1 Daemon Server] - 2026-08-01T08:26:24.667Z - [REQUEST]: 
[NX v23.1.1 Daemon Server] - 2026-08-01T08:26:24.670Z - Time taken for 'loadDefaultNxPlugins' 298.262208ms
[NX v23.1.1 Daemon Server] - 2026-08-01T08:26:24.670Z - Time taken for 'Load Nx Plugin: /Users/jaybell/WebstormProjects/jaybell.me/node_modules/.pnpm/nx@23.1.1/node_modules/nx/dist/src/plugins/js' 298.10470899999996ms
[isolated-plugin] shutting down worker for "nx/core/project-json" after createNodes
Time taken for 'nx/js/dependencies-and-lockfile:createNodes' 31.56979199999998ms
[isolated-plugin] shutting down worker for "nx/core/package-json" after createNodes
[NX v23.1.1 Daemon Server] - 2026-08-01T08:26:25.094Z - Time taken for 'build-project-configs' 420.676541ms
[NX v23.1.1 Daemon Server] - 2026-08-01T08:26:25.094Z - Time taken for 'createNodes:merge' 3.0469590000000153ms
[NX v23.1.1 Daemon Server] - 2026-08-01T08:26:25.094Z - Time taken for 'native-file-deps' 0.0014170000000603977ms
[NX v23.1.1 Daemon Server] - 2026-08-01T08:26:25.094Z - Time taken for 'get-workspace-files' 0.25387499999999363ms
[NX v23.1.1 Daemon Server] - 2026-08-01T08:26:25.094Z - Time taken for 'read cache' 0.13145799999995234ms
Time taken for 'build typescript dependencies' 9.756459000000063ms
[isolated-plugin] shutting down worker for "nx/js/dependencies-and-lockfile" after createDependencies
[NX v23.1.1 Daemon Server] - 2026-08-01T08:26:25.124Z - [SYNC]: collect registered sync generators
[NX v23.1.1 Daemon Server] - 2026-08-01T08:26:25.128Z - Wrote project graph cache to /Users/jaybell/WebstormProjects/jaybell.me/.nx/workspace-data/project-graph.json
[NX v23.1.1 Daemon Server] - 2026-08-01T08:26:25.129Z - Time taken for 'total execution time for createProjectGraph()' 32.91008399999998ms
[NX v23.1.1 Daemon Server] - 2026-08-01T08:26:25.129Z - Time taken for 'createDependencies' 30.65604200000007ms
[NX v23.1.1 Daemon Server] - 2026-08-01T08:26:25.129Z - Time taken for 'nx/js/dependencies-and-lockfile:createDependencies' 30.385042ms
[NX v23.1.1 Daemon Server] - 2026-08-01T08:26:25.129Z - Time taken for 'createMetadata' 0.012041999999951258ms
[NX v23.1.1 Daemon Server] - 2026-08-01T08:26:25.129Z - Time taken for 'serialize graph' 0.32000000000005ms
[NX v23.1.1 Daemon Server] - 2026-08-01T08:26:25.129Z - Time taken for 'write cache' 3.2381670000000895ms
Fetching nx...
[NX v23.1.1 Daemon Server] - 2026-08-01T08:26:35.465Z - [LATEST-NX]: Successfully pulled latest Nx to /private/tmp/tmp-27417-7uDngKxgy0yp
[NX v23.1.1 Daemon Server] - 2026-08-01T08:26:35.467Z - [NX-CONSOLE]: Using local implementation (NX_USE_LOCAL=true or inner call)
DEBUG nx::native::ide::install: Detected editor: Unknown
[NX v23.1.1 Daemon Server] - 2026-08-01T08:26:35.481Z - [NX-CONSOLE]: Console status check completed, shouldPrompt: false
DEBUG nx::native::ide::install: Editor command 'code' not found
DEBUG nx::native::ide::install: Editor command 'code-insiders' not found
DEBUG nx::native::ide::install: Editor command 'cursor' not found
DEBUG nx::native::ide::install: Checking if Nx Console extension is installed with: cursor --list-extensions
DEBUG nx::native::ide::install: Command 'cursor' not found, cannot check extension status
[NX v23.1.1 Daemon Server] - 2026-08-01T08:26:35.583Z - [AI-AGENTS]: Agent configuration status computation completed: 0 fully configured, 0 outdated, 2 partially configured, 2 non-configured
DEBUG nx::native::watch::watcher: idle-window emitting events count=1
DEBUG nx::native::watch::watcher: idle-window emitting events count=1
DEBUG nx::native::watch::watcher:   [delete] _tmp_27744_1c0ca52d9c7036583647eb5768ab4980
DEBUG nx::native::watch::watcher:   [delete] _tmp_27744_1c0ca52d9c7036583647eb5768ab4980
[NX v23.1.1 Daemon Server] - 2026-08-01T08:26:40.985Z - [WATCHER]: Processing file changes in outputs
[NX v23.1.1 Daemon Server] - 2026-08-01T08:26:40.986Z - [WATCHER]: _tmp_27744_1c0ca52d9c7036583647eb5768ab4980 was deleted
[NX v23.1.1 Daemon Server] - 2026-08-01T08:26:40.986Z - [WATCHER]: [watcher] routeWorkspaceChanges batch: 1 events: delete:_tmp_27744_1c0ca52d9c7036583647eb5768ab4980
[NX v23.1.1 Daemon Server] - 2026-08-01T08:26:40.986Z - [WATCHER]: File changes detected:
Created:
(none)
Updated:
(none)
Deleted:
  - _tmp_27744_1c0ca52d9c7036583647eb5768ab4980
[NX v23.1.1 Daemon Server] - 2026-08-01T08:26:40.986Z - [SYNC]: clearing sync generators cache due to file changes
[NX v23.1.1 Daemon Server] - 2026-08-01T08:26:40.987Z - [REQUEST]: Updated workspace context based on watched changes, recomputing project graph...
[NX v23.1.1 Daemon Server] - 2026-08-01T08:26:40.987Z - [REQUEST]: 
[NX v23.1.1 Daemon Server] - 2026-08-01T08:26:40.987Z - [REQUEST]: _tmp_27744_1c0ca52d9c7036583647eb5768ab4980
[plugin-client] restarting worker for "nx/js/dependencies-and-lockfile"
[isolated-plugin] spawned worker for "nx/js/dependencies-and-lockfile" (pid: 27751, socket: /private/tmp/plugin27417-3-16783.624875.sock)
[plugin-client] restarting worker for "nx/core/package-json"
[isolated-plugin] spawned worker for "nx/core/package-json" (pid: 27752, socket: /private/tmp/plugin27417-4-16785.186875.sock)
[plugin-client] restarting worker for "nx/core/project-json"
[isolated-plugin] spawned worker for "nx/core/project-json" (pid: 27753, socket: /private/tmp/plugin27417-5-16787.004833.sock)
[NX v23.1.1 Daemon Server] - 2026-08-01T08:26:40.991Z - Time taken for 'hash changed files from watcher' 0.12320899999758694ms
[plugin-worker] "nx/js/dependencies-and-lockfile" (pid: 27751) listening on /private/tmp/plugin27417-3-16783.624875.sock
Time taken for 'plugin worker 27751 code loading' 253.79708300000001ms
[plugin-worker] "nx/core/package-json" (pid: 27752) listening on /private/tmp/plugin27417-4-16785.186875.sock
Time taken for 'plugin worker 27752 code loading' 245.299333ms
[isolated-plugin] connected to worker for "nx/js/dependencies-and-lockfile" (pid: 27751)
[isolated-plugin] connected to worker for "nx/core/package-json" (pid: 27752)
[NX v23.1.1 Daemon Server] - 2026-08-01T08:26:41.320Z - Time taken for 'start-plugin-worker:nx/js/dependencies-and-lockfile' 332.3029580000002ms
[NX v23.1.1 Daemon Server] - 2026-08-01T08:26:41.320Z - Time taken for 'start-plugin-worker:nx/core/package-json' 331.3525000000009ms
[plugin-worker] "nx/core/package-json" (pid: 27752) connected
[plugin-worker] "nx/js/dependencies-and-lockfile" (pid: 27751) connected
[plugin-worker] "nx/core/package-json" (pid: 27752) loaded successfully
[plugin-worker] "nx/js/dependencies-and-lockfile" (pid: 27751) loaded successfully
Time taken for 'nx/js/dependencies-and-lockfile:createNodes' 3.622709000000043ms
[plugin-worker] "nx/core/project-json" (pid: 27753) listening on /private/tmp/plugin27417-5-16787.004833.sock
[isolated-plugin] connected to worker for "nx/core/project-json" (pid: 27753)
[NX v23.1.1 Daemon Server] - 2026-08-01T08:26:41.409Z - Time taken for 'start-plugin-worker:nx/core/project-json' 417.9046249999992ms
[plugin-worker] "nx/core/project-json" (pid: 27753) connected
Time taken for 'plugin worker 27753 code loading' 350.935625ms
[plugin-worker] "nx/core/project-json" (pid: 27753) loaded successfully
[isolated-plugin] shutting down worker for "nx/core/project-json" after createNodes
[isolated-plugin] shutting down worker for "nx/core/package-json" after createNodes
[NX v23.1.1 Daemon Server] - 2026-08-01T08:26:42.177Z - Time taken for 'build-project-configs' 1188.103874999997ms
[NX v23.1.1 Daemon Server] - 2026-08-01T08:26:42.177Z - Time taken for 'createNodes:merge' 0.859667000000627ms
Time taken for 'build typescript dependencies' 0.10329200000001038ms
[isolated-plugin] shutting down worker for "nx/js/dependencies-and-lockfile" after createDependencies
[NX v23.1.1 Daemon Server] - 2026-08-01T08:26:42.184Z - [SYNC]: collect registered sync generators
[NX v23.1.1 Daemon Server] - 2026-08-01T08:26:42.184Z - [SYNC]: project graph hash is the same, not collecting task sync generators
[NX v23.1.1 Daemon Server] - 2026-08-01T08:26:42.184Z - [SYNC]: nx.json hash is the same, not collecting global sync generators
[NX v23.1.1 Daemon Server] - 2026-08-01T08:26:42.185Z - Wrote project graph cache to /Users/jaybell/WebstormProjects/jaybell.me/.nx/workspace-data/project-graph.json
[NX v23.1.1 Daemon Server] - 2026-08-01T08:26:42.186Z - Time taken for 'total execution time for createProjectGraph()' 7.17870799999946ms
[NX v23.1.1 Daemon Server] - 2026-08-01T08:26:42.186Z - Time taken for 'createDependencies' 6.174875000000611ms
[NX v23.1.1 Daemon Server] - 2026-08-01T08:26:42.186Z - Time taken for 'nx/js/dependencies-and-lockfile:createDependencies' 6.074749999999767ms
[NX v23.1.1 Daemon Server] - 2026-08-01T08:26:42.186Z - Time taken for 'createMetadata' 0.01116600000023027ms
[NX v23.1.1 Daemon Server] - 2026-08-01T08:26:42.186Z - Time taken for 'serialize graph' 0.32537500000034925ms
[NX v23.1.1 Daemon Server] - 2026-08-01T08:26:42.186Z - Time taken for 'write cache' 1.7639170000002196ms
[NX v23.1.1 Daemon Server] - 2026-08-01T08:26:44.205Z - [Server] lock file hash changed! old=13138150329726906785, new=4656352796573681807
[NX v23.1.1 Daemon Server] - 2026-08-01T08:26:44.206Z - [Server] Daemon outdated: LOCK_FILES_CHANGED
[NX v23.1.1 Daemon Server] - 2026-08-01T08:26:44.206Z - [Server] Restarting daemon...
[NX v23.1.1 Daemon Server] - 2026-08-01T08:26:44.207Z - Restarting daemon with script: /Users/jaybell/WebstormProjects/jaybell.me/node_modules/.pnpm/nx@23.1.1/node_modules/nx/dist/src/daemon/server/start.js
[NX v23.1.1 Daemon Server] - 2026-08-01T08:26:44.208Z - Old daemon __dirname: /Users/jaybell/WebstormProjects/jaybell.me/node_modules/.pnpm/nx@23.1.1/node_modules/nx/dist/src/daemon/server
[NX v23.1.1 Daemon Server] - 2026-08-01T08:26:44.208Z - Current process.execPath: /Users/jaybell/.local/share/fnm/node-versions/v26.5.1/installation/bin/node
[NX v23.1.1 Daemon Server] - 2026-08-01T08:26:44.210Z - Started new daemon process in background
DEBUG nx::native::watch::watcher: watching stopped origin=/Users/jaybell/WebstormProjects/jaybell.me
[NX v23.1.1 Daemon Server] - 2026-08-01T08:26:44.211Z - [WATCHER]: Stopping the watcher for /Users/jaybell/WebstormProjects/jaybell.me (sources)
DEBUG nx::native::watch::watcher: watching stopped origin=/Users/jaybell/WebstormProjects/jaybell.me
[NX v23.1.1 Daemon Server] - 2026-08-01T08:26:44.211Z - [WATCHER]: Stopping the watcher for /Users/jaybell/WebstormProjects/jaybell.me (outputs)
[NX v23.1.1 Daemon Server] - 2026-08-01T08:26:44.211Z - [LATEST-NX]: Cleaning up latest Nx installation from /private/tmp/tmp-27417-7uDngKxgy0yp
[NX v23.1.1 Daemon Server] - 2026-08-01T08:26:44.212Z - Server stopped because: "LOCK_FILES_CHANGED"
DEBUG nx::native::watch::watcher: watching started origin=/Users/jaybell/WebstormProjects/jaybell.me
[NX v23.1.1 Daemon Server] - 2026-08-01T08:26:44.669Z - [WATCHER]: Subscribed to changes within: /Users/jaybell/WebstormProjects/jaybell.me (native)
[NX v23.1.1 Daemon Server] - 2026-08-01T08:26:44.675Z - New daemon starting from: /Users/jaybell/WebstormProjects/jaybell.me/node_modules/.pnpm/nx@23.1.1/node_modules/nx/dist/src/daemon/server/server.js
[NX v23.1.1 Daemon Server] - 2026-08-01T08:26:44.675Z - New daemon __dirname: /Users/jaybell/WebstormProjects/jaybell.me/node_modules/.pnpm/nx@23.1.1/node_modules/nx/dist/src/daemon/server
[NX v23.1.1 Daemon Server] - 2026-08-01T08:26:44.675Z - New daemon nxVersion: 23.1.1
[NX v23.1.1 Daemon Server] - 2026-08-01T08:26:44.676Z - New daemon getInstalledNxVersion(): 23.1.1
[NX v23.1.1 Daemon Server] - 2026-08-01T08:26:44.684Z - Time taken for 'workspace context init' 1.845583999999974ms
[NX v23.1.1 Daemon Server] - 2026-08-01T08:26:44.707Z - [Server] Starting outdated check interval (20ms)
[NX v23.1.1 Daemon Server] - 2026-08-01T08:26:44.708Z - Started listening on: /private/tmp/2dabe6851a2c93d9131f/d.sock
DEBUG nx::native::watch::watcher: watching started origin=/Users/jaybell/WebstormProjects/jaybell.me
[NX v23.1.1 Daemon Server] - 2026-08-01T08:26:44.711Z - [LATEST-NX]: Pulling latest Nx...
[NX v23.1.1 Daemon Server] - 2026-08-01T08:26:44.713Z - [AI-AGENTS]: Starting agent configuration status computation
[isolated-plugin] spawned worker for "/Users/jaybell/WebstormProjects/jaybell.me/node_modules/.pnpm/nx@23.1.1/node_modules/nx/dist/src/plugins/js" (pid: 27885, socket: /private/tmp/plugin27879-0-464.440041.sock)
[isolated-plugin] spawned worker for "/Users/jaybell/WebstormProjects/jaybell.me/node_modules/.pnpm/nx@23.1.1/node_modules/nx/dist/src/plugins/package-json" (pid: 27886, socket: /private/tmp/plugin27879-1-483.2525.sock)
[isolated-plugin] spawned worker for "/Users/jaybell/WebstormProjects/jaybell.me/node_modules/.pnpm/nx@23.1.1/node_modules/nx/dist/src/plugins/project-json/build-nodes/project-json" (pid: 27887, socket: /private/tmp/plugin27879-2-484.738666.sock)
[NX v23.1.1 Daemon Server] - 2026-08-01T08:26:44.735Z - Time taken for 'hash changed files from watcher' 0.018458000000009633ms
[NX v23.1.1 Daemon Server] - 2026-08-01T08:26:44.735Z - Time taken for 'loadSpecifiedNxPlugins' 23.20629200000002ms
DEBUG nx::native::watch::watcher: idle-window emitting events count=1
DEBUG nx::native::watch::watcher:   [create] .nx/workspace-data/d/server-process.json
[NX v23.1.1 Daemon Server] - 2026-08-01T08:26:44.821Z - [WATCHER]: Processing file changes in outputs
[plugin-worker] "/Users/jaybell/WebstormProjects/jaybell.me/node_modules/.pnpm/nx@23.1.1/node_modules/nx/dist/src/plugins/package-json" (pid: 27886) listening on /private/tmp/plugin27879-1-483.2525.sock
Time taken for 'plugin worker 27886 code loading' 92.486709ms
[isolated-plugin] connected to worker for "/Users/jaybell/WebstormProjects/jaybell.me/node_modules/.pnpm/nx@23.1.1/node_modules/nx/dist/src/plugins/package-json" (pid: 27886)
[NX v23.1.1 Daemon Server] - 2026-08-01T08:26:44.891Z - Time taken for 'start-plugin-worker:/Users/jaybell/WebstormProjects/jaybell.me/node_modules/.pnpm/nx@23.1.1/node_modules/nx/dist/src/plugins/package-json' 158.42866700000002ms
[plugin-worker] "/Users/jaybell/WebstormProjects/jaybell.me/node_modules/.pnpm/nx@23.1.1/node_modules/nx/dist/src/plugins/package-json" (pid: 27886) connected
[plugin-worker] "/Users/jaybell/WebstormProjects/jaybell.me/node_modules/.pnpm/nx@23.1.1/node_modules/nx/dist/src/plugins/package-json" (pid: 27886) loaded successfully
[plugin-worker] "/Users/jaybell/WebstormProjects/jaybell.me/node_modules/.pnpm/nx@23.1.1/node_modules/nx/dist/src/plugins/project-json/build-nodes/project-json" (pid: 27887) listening on /private/tmp/plugin27879-2-484.738666.sock
[NX v23.1.1 Daemon Server] - 2026-08-01T08:26:44.897Z - Time taken for 'Load Nx Plugin: /Users/jaybell/WebstormProjects/jaybell.me/node_modules/.pnpm/nx@23.1.1/node_modules/nx/dist/src/plugins/package-json' 185.71099999999996ms
Time taken for 'plugin worker 27887 code loading' 105.341625ms
[plugin-worker] "/Users/jaybell/WebstormProjects/jaybell.me/node_modules/.pnpm/nx@23.1.1/node_modules/nx/dist/src/plugins/js" (pid: 27885) listening on /private/tmp/plugin27879-0-464.440041.sock
Time taken for 'plugin worker 27885 code loading' 139.984959ms
[isolated-plugin] connected to worker for "/Users/jaybell/WebstormProjects/jaybell.me/node_modules/.pnpm/nx@23.1.1/node_modules/nx/dist/src/plugins/js" (pid: 27885)
[isolated-plugin] connected to worker for "/Users/jaybell/WebstormProjects/jaybell.me/node_modules/.pnpm/nx@23.1.1/node_modules/nx/dist/src/plugins/project-json/build-nodes/project-json" (pid: 27887)
[NX v23.1.1 Daemon Server] - 2026-08-01T08:26:44.902Z - Time taken for 'start-plugin-worker:/Users/jaybell/WebstormProjects/jaybell.me/node_modules/.pnpm/nx@23.1.1/node_modules/nx/dist/src/plugins/js' 187.83079199999997ms
[NX v23.1.1 Daemon Server] - 2026-08-01T08:26:44.902Z - Time taken for 'start-plugin-worker:/Users/jaybell/WebstormProjects/jaybell.me/node_modules/.pnpm/nx@23.1.1/node_modules/nx/dist/src/plugins/project-json/build-nodes/project-json' 167.97870800000004ms
[plugin-worker] "/Users/jaybell/WebstormProjects/jaybell.me/node_modules/.pnpm/nx@23.1.1/node_modules/nx/dist/src/plugins/project-json/build-nodes/project-json" (pid: 27887) connected
[plugin-worker] "/Users/jaybell/WebstormProjects/jaybell.me/node_modules/.pnpm/nx@23.1.1/node_modules/nx/dist/src/plugins/js" (pid: 27885) connected
[plugin-worker] "/Users/jaybell/WebstormProjects/jaybell.me/node_modules/.pnpm/nx@23.1.1/node_modules/nx/dist/src/plugins/project-json/build-nodes/project-json" (pid: 27887) loaded successfully
[NX v23.1.1 Daemon Server] - 2026-08-01T08:26:44.959Z - Time taken for 'Load Nx Plugin: /Users/jaybell/WebstormProjects/jaybell.me/node_modules/.pnpm/nx@23.1.1/node_modules/nx/dist/src/plugins/project-json/build-nodes/project-json' 247.88299999999998ms
[plugin-worker] "/Users/jaybell/WebstormProjects/jaybell.me/node_modules/.pnpm/nx@23.1.1/node_modules/nx/dist/src/plugins/js" (pid: 27885) loaded successfully
[NX v23.1.1 Daemon Server] - 2026-08-01T08:26:45.009Z - [REQUEST]: Updated workspace context based on watched changes, recomputing project graph...
[NX v23.1.1 Daemon Server] - 2026-08-01T08:26:45.009Z - [REQUEST]: 
[NX v23.1.1 Daemon Server] - 2026-08-01T08:26:45.009Z - [REQUEST]: 
[NX v23.1.1 Daemon Server] - 2026-08-01T08:26:45.012Z - Time taken for 'loadDefaultNxPlugins' 297.97408299999995ms
[NX v23.1.1 Daemon Server] - 2026-08-01T08:26:45.012Z - Time taken for 'Load Nx Plugin: /Users/jaybell/WebstormProjects/jaybell.me/node_modules/.pnpm/nx@23.1.1/node_modules/nx/dist/src/plugins/js' 297.821542ms
[isolated-plugin] shutting down worker for "nx/core/project-json" after createNodes
Time taken for 'nx/js/dependencies-and-lockfile:createNodes' 37.570291999999995ms
[NX v23.1.1 Daemon Server] - 2026-08-01T08:26:45.544Z - Established a connection. Number of open connections: 1
[NX v23.1.1 Daemon Server] - 2026-08-01T08:26:45.546Z - Closed a connection. Number of open connections: 0
[NX v23.1.1 Daemon Server] - 2026-08-01T08:26:45.546Z - Established a connection. Number of open connections: 1
[NX v23.1.1 Daemon Server] - 2026-08-01T08:26:45.547Z - Established a connection. Number of open connections: 2
[NX v23.1.1 Daemon Server] - 2026-08-01T08:26:45.547Z - Closed a connection. Number of open connections: 1
[NX v23.1.1 Daemon Client] - 2026-08-01T08:26:45.546Z - [Messenger] Setting up socket listeners
[NX v23.1.1 Daemon Client] - 2026-08-01T08:26:45.547Z - [Messenger] listen() complete
[NX v23.1.1 Daemon Client] - 2026-08-01T08:26:45.560Z - [Messenger] Sending message type: GET_NX_CONSOLE_STATUS
[NX v23.1.1 Daemon Client] - 2026-08-01T08:26:45.560Z - [Messenger] Message sent
[NX v23.1.1 Daemon Server] - 2026-08-01T08:26:45.563Z - Received raw message of length 3607
[NX v23.1.1 Daemon Server] - 2026-08-01T08:26:45.563Z - Received json message of type GET_NX_CONSOLE_STATUS
[NX v23.1.1 Daemon Server] - 2026-08-01T08:26:45.564Z - Serializing response for GET_NX_CONSOLE_STATUS message in json mode
[NX v23.1.1 Daemon Server] - 2026-08-01T08:26:45.564Z - Responding to GET_NX_CONSOLE_STATUS message
[NX v23.1.1 Daemon Server] - 2026-08-01T08:26:45.564Z - [REQUEST]: Responding to the client. handleGetNxConsoleStatus
[NX v23.1.1 Daemon Server] - 2026-08-01T08:26:45.564Z - Done responding to the client handleGetNxConsoleStatus
[NX v23.1.1 Daemon Server] - 2026-08-01T08:26:45.564Z - Handled json message GET_NX_CONSOLE_STATUS. Handling time: 0. Response time: 0.
[NX v23.1.1 Daemon Client] - 2026-08-01T08:26:45.565Z - [Messenger] Received message, length: 22
[isolated-plugin] shutting down worker for "nx/core/package-json" after createNodes
[NX v23.1.1 Daemon Client] - 2026-08-01T08:26:45.648Z - [Messenger] Sending message type: REQUEST_PROJECT_GRAPH
[NX v23.1.1 Daemon Client] - 2026-08-01T08:26:45.649Z - [Messenger] Message sent
[NX v23.1.1 Daemon Server] - 2026-08-01T08:26:45.662Z - Time taken for 'build-project-configs' 632.4132920000001ms
[NX v23.1.1 Daemon Server] - 2026-08-01T08:26:45.662Z - Time taken for 'createNodes:merge' 3.0494579999999587ms
[NX v23.1.1 Daemon Server] - 2026-08-01T08:26:45.662Z - Time taken for 'native-file-deps' 0.0015829999999823485ms
[NX v23.1.1 Daemon Server] - 2026-08-01T08:26:45.662Z - Time taken for 'get-workspace-files' 15.022041999999828ms
[NX v23.1.1 Daemon Server] - 2026-08-01T08:26:45.662Z - Time taken for 'read cache' 0.14116699999999582ms
[NX v23.1.1 Daemon Server] - 2026-08-01T08:26:45.663Z - Received raw message of length 32
[NX v23.1.1 Daemon Server] - 2026-08-01T08:26:45.663Z - Received json message of type REQUEST_PROJECT_GRAPH
[NX v23.1.1 Daemon Server] - 2026-08-01T08:26:45.663Z - [REQUEST]: Client Request for Project Graph Received
DEBUG nx::native::watch::watcher: force-flush END count=0 replies=1 elapsed=68.930875ms
[NX v23.1.1 Daemon Server] - 2026-08-01T08:26:45.732Z - Reusing in-memory cached project graph because no files changed.
Time taken for 'build typescript dependencies' 5.992915999999923ms
[isolated-plugin] shutting down worker for "nx/js/dependencies-and-lockfile" after createDependencies
[NX v23.1.1 Daemon Server] - 2026-08-01T08:26:45.748Z - Streaming message to client: progress update for topic graph-construction
[NX v23.1.1 Daemon Client] - 2026-08-01T08:26:45.749Z - [Messenger] Received message, length: 47
[NX v23.1.1 Daemon Server] - 2026-08-01T08:26:45.752Z - [SYNC]: collect registered sync generators
[NX v23.1.1 Daemon Server] - 2026-08-01T08:26:45.756Z - Wrote project graph cache to /Users/jaybell/WebstormProjects/jaybell.me/.nx/workspace-data/project-graph.json
[NX v23.1.1 Daemon Server] - 2026-08-01T08:26:45.757Z - Serializing response for REQUEST_PROJECT_GRAPH message in json mode
[NX v23.1.1 Daemon Server] - 2026-08-01T08:26:45.757Z - Responding to REQUEST_PROJECT_GRAPH message
[NX v23.1.1 Daemon Server] - 2026-08-01T08:26:45.757Z - [REQUEST]: Responding to the client. project-graph
[NX v23.1.1 Daemon Server] - 2026-08-01T08:26:45.757Z - Time taken for 'total execution time for createProjectGraph()' 91.057458ms
[NX v23.1.1 Daemon Server] - 2026-08-01T08:26:45.757Z - Time taken for 'createDependencies' 88.78233300000011ms
[NX v23.1.1 Daemon Server] - 2026-08-01T08:26:45.757Z - Time taken for 'nx/js/dependencies-and-lockfile:createDependencies' 88.56629199999998ms
[NX v23.1.1 Daemon Server] - 2026-08-01T08:26:45.757Z - Time taken for 'total for creating and serializing project graph' 93.86333400000012ms
[NX v23.1.1 Daemon Server] - 2026-08-01T08:26:45.757Z - Time taken for 'createMetadata' 0.026667000000088592ms
[NX v23.1.1 Daemon Server] - 2026-08-01T08:26:45.757Z - Time taken for 'serialize graph' 0.6254160000000866ms
[NX v23.1.1 Daemon Server] - 2026-08-01T08:26:45.757Z - Time taken for 'write cache' 3.588124999999991ms
[NX v23.1.1 Daemon Server] - 2026-08-01T08:26:45.766Z - Done responding to the client project-graph
[NX v23.1.1 Daemon Server] - 2026-08-01T08:26:45.767Z - Handled json message REQUEST_PROJECT_GRAPH. Handling time: 94. Response time: 10.
[NX v23.1.1 Daemon Client] - 2026-08-01T08:26:45.767Z - [Messenger] Received message, length: 142695
[NX v23.1.1 Daemon Client] - 2026-08-01T08:26:45.769Z - [Messenger] Sending message type: PRE_TASKS_EXECUTION
[NX v23.1.1 Daemon Client] - 2026-08-01T08:26:45.769Z - [Messenger] Message sent
[NX v23.1.1 Daemon Server] - 2026-08-01T08:26:45.770Z - Received raw message of length 743
[NX v23.1.1 Daemon Server] - 2026-08-01T08:26:45.770Z - Received json message of type PRE_TASKS_EXECUTION
[NX v23.1.1 Daemon Server] - 2026-08-01T08:26:45.771Z - Serializing response for PRE_TASKS_EXECUTION message in json mode
[NX v23.1.1 Daemon Server] - 2026-08-01T08:26:45.771Z - Responding to PRE_TASKS_EXECUTION message
[NX v23.1.1 Daemon Server] - 2026-08-01T08:26:45.771Z - [REQUEST]: Responding to the client. handleRunPreTasksExecution
[NX v23.1.1 Daemon Server] - 2026-08-01T08:26:45.771Z - Done responding to the client handleRunPreTasksExecution
[NX v23.1.1 Daemon Server] - 2026-08-01T08:26:45.771Z - Handled json message PRE_TASKS_EXECUTION. Handling time: 1. Response time: 0.
[NX v23.1.1 Daemon Server] - 2026-08-01T08:26:45.771Z - Time taken for 'preTasksExecution' 0.5597080000000005ms
[NX v23.1.1 Daemon Client] - 2026-08-01T08:26:45.772Z - [Messenger] Received message, length: 2
Fetching nx...
[NX v23.1.1 Daemon Client] - 2026-08-01T08:26:46.330Z - [Messenger] Sending message type: HASH_TASKS
[NX v23.1.1 Daemon Client] - 2026-08-01T08:26:46.330Z - [Messenger] Message sent
[NX v23.1.1 Daemon Server] - 2026-08-01T08:26:47.138Z - Received raw message of length 9378
[NX v23.1.1 Daemon Server] - 2026-08-01T08:26:47.139Z - Received json message of type HASH_TASKS
DEBUG nx::native::watch::watcher: force-flush END count=0 replies=1 elapsed=60.900459ms
[NX v23.1.1 Daemon Server] - 2026-08-01T08:26:47.200Z - Reusing in-memory cached project graph because no files changed.
DEBUG nx::native::tasks::hash_planner: get_plans_internal COMPLETED in 938.334µs - processed 2 tasks (setup: 173.792µs, parallel_planning: 762.375µs, pool: 383 unique instructions)
DEBUG nx::native::tasks::hashers::hash_workspace_files: Hashing workspace fileset: Adding "17205265668418528398" (".gitignore") to hash
DEBUG nx::native::tasks::hashers::hash_workspace_files: Hashing workspace fileset: Adding "16829365538347415742" ("nx.json") to hash
DEBUG nx::native::tasks::hashers::hash_workspace_files: Hashing workspace fileset: Hash Value: "2131520125112209476"
DEBUG nx::native::tasks::task_hasher: hash_plans COMPLETED in 18.331667ms - processed 2 plans (setup: 61.917µs, hashing: 18.268292ms, assembly: 284.708µs)
[NX v23.1.1 Daemon Server] - 2026-08-01T08:26:47.222Z - Serializing response for HASH_TASKS message in json mode
[NX v23.1.1 Daemon Server] - 2026-08-01T08:26:47.222Z - Responding to HASH_TASKS message
[NX v23.1.1 Daemon Server] - 2026-08-01T08:26:47.222Z - [REQUEST]: Responding to the client. handleHashTasks
[NX v23.1.1 Daemon Server] - 2026-08-01T08:26:47.225Z - Done responding to the client handleHashTasks
[NX v23.1.1 Daemon Client] - 2026-08-01T08:26:47.225Z - [Messenger] Received message, length: 17544
[NX v23.1.1 Daemon Server] - 2026-08-01T08:26:47.225Z - Handled json message HASH_TASKS. Handling time: 83. Response time: 3.
[NX v23.1.1 Daemon Client] - 2026-08-01T08:26:47.297Z - [Messenger] Sending message type: GET_ESTIMATED_TASK_TIMINGS
[NX v23.1.1 Daemon Client] - 2026-08-01T08:26:47.297Z - [Messenger] Message sent
[NX v23.1.1 Daemon Server] - 2026-08-01T08:26:47.297Z - Received raw message of length 129
[NX v23.1.1 Daemon Server] - 2026-08-01T08:26:47.297Z - Received json message of type GET_ESTIMATED_TASK_TIMINGS
[NX v23.1.1 Daemon Server] - 2026-08-01T08:26:47.299Z - Serializing response for GET_ESTIMATED_TASK_TIMINGS message in json mode
[NX v23.1.1 Daemon Server] - 2026-08-01T08:26:47.299Z - Responding to GET_ESTIMATED_TASK_TIMINGS message
[NX v23.1.1 Daemon Server] - 2026-08-01T08:26:47.299Z - [REQUEST]: Responding to the client. handleGetEstimatedTaskTimings
[NX v23.1.1 Daemon Server] - 2026-08-01T08:26:47.299Z - Done responding to the client handleGetEstimatedTaskTimings
[NX v23.1.1 Daemon Server] - 2026-08-01T08:26:47.299Z - Handled json message GET_ESTIMATED_TASK_TIMINGS. Handling time: 2. Response time: 0.
[NX v23.1.1 Daemon Client] - 2026-08-01T08:26:47.300Z - [Messenger] Received message, length: 49
[NX v23.1.1 Daemon Server] - 2026-08-01T08:26:48.804Z - [LATEST-NX]: Successfully pulled latest Nx to /private/tmp/tmp-27879-kTpFyeyFHQUU
[NX v23.1.1 Daemon Server] - 2026-08-01T08:26:48.806Z - [NX-CONSOLE]: Using local implementation (NX_USE_LOCAL=true or inner call)
DEBUG nx::native::ide::install: Detected editor: Unknown
[NX v23.1.1 Daemon Server] - 2026-08-01T08:26:48.815Z - [NX-CONSOLE]: Console status check completed, shouldPrompt: false
DEBUG nx::native::ide::install: Editor command 'code' not found
DEBUG nx::native::ide::install: Editor command 'code-insiders' not found
DEBUG nx::native::ide::install: Editor command 'cursor' not found
DEBUG nx::native::ide::install: Checking if Nx Console extension is installed with: cursor --list-extensions
DEBUG nx::native::ide::install: Command 'cursor' not found, cannot check extension status
[NX v23.1.1 Daemon Server] - 2026-08-01T08:26:48.837Z - [AI-AGENTS]: Agent configuration status computation completed: 0 fully configured, 0 outdated, 2 partially configured, 2 non-configured
[NX v23.1.1 Daemon Client] - 2026-08-01T08:26:49.468Z - [Messenger] Sending message type: RECORD_OUTPUTS_HASH_BATCH
[NX v23.1.1 Daemon Client] - 2026-08-01T08:26:49.468Z - [Messenger] Message sent
[NX v23.1.1 Daemon Server] - 2026-08-01T08:26:49.468Z - Received raw message of length 95
[NX v23.1.1 Daemon Server] - 2026-08-01T08:26:49.468Z - Received json message of type RECORD_OUTPUTS_HASH_BATCH
[NX v23.1.1 Daemon Server] - 2026-08-01T08:26:49.472Z - Serializing response for RECORD_OUTPUTS_HASH_BATCH message in json mode
[NX v23.1.1 Daemon Server] - 2026-08-01T08:26:49.472Z - Responding to RECORD_OUTPUTS_HASH_BATCH message
[NX v23.1.1 Daemon Server] - 2026-08-01T08:26:49.472Z - [REQUEST]: Responding to the client. recordOutputsHashBatch
[NX v23.1.1 Daemon Server] - 2026-08-01T08:26:49.472Z - Done responding to the client recordOutputsHashBatch
[NX v23.1.1 Daemon Server] - 2026-08-01T08:26:49.472Z - Handled json message RECORD_OUTPUTS_HASH_BATCH. Handling time: 4. Response time: 0.
[NX v23.1.1 Daemon Client] - 2026-08-01T08:26:49.472Z - [Messenger] Received message, length: 2
DEBUG nx::native::watch::watcher: idle-window emitting events count=1
DEBUG nx::native::watch::watcher:   [create] gen/main.css
[NX v23.1.1 Daemon Server] - 2026-08-01T08:26:49.583Z - [WATCHER]: Processing file changes in outputs
[NX v23.1.1 Daemon Client] - 2026-08-01T08:26:50.862Z - [Messenger] Sending message type: RECORD_OUTPUTS_HASH_BATCH
[NX v23.1.1 Daemon Client] - 2026-08-01T08:26:50.862Z - [Messenger] Message sent
[NX v23.1.1 Daemon Server] - 2026-08-01T08:26:50.862Z - Received raw message of length 127
[NX v23.1.1 Daemon Server] - 2026-08-01T08:26:50.862Z - Received json message of type RECORD_OUTPUTS_HASH_BATCH
[NX v23.1.1 Daemon Server] - 2026-08-01T08:26:50.862Z - Serializing response for RECORD_OUTPUTS_HASH_BATCH message in json mode
[NX v23.1.1 Daemon Server] - 2026-08-01T08:26:50.862Z - Responding to RECORD_OUTPUTS_HASH_BATCH message
[NX v23.1.1 Daemon Server] - 2026-08-01T08:26:50.862Z - [REQUEST]: Responding to the client. recordOutputsHashBatch
[NX v23.1.1 Daemon Server] - 2026-08-01T08:26:50.862Z - Done responding to the client recordOutputsHashBatch
[NX v23.1.1 Daemon Server] - 2026-08-01T08:26:50.862Z - Handled json message RECORD_OUTPUTS_HASH_BATCH. Handling time: 0. Response time: 0.
[NX v23.1.1 Daemon Client] - 2026-08-01T08:26:50.862Z - [Messenger] Received message, length: 2
[NX v23.1.1 Daemon Client] - 2026-08-01T08:26:50.864Z - [Messenger] Sending message type: RECORD_TASK_RUNS
[NX v23.1.1 Daemon Client] - 2026-08-01T08:26:50.864Z - [Messenger] Message sent
[NX v23.1.1 Daemon Server] - 2026-08-01T08:26:50.864Z - Received raw message of length 376
[NX v23.1.1 Daemon Server] - 2026-08-01T08:26:50.864Z - Received json message of type RECORD_TASK_RUNS
[NX v23.1.1 Daemon Server] - 2026-08-01T08:26:50.864Z - Serializing response for RECORD_TASK_RUNS message in json mode
[NX v23.1.1 Daemon Server] - 2026-08-01T08:26:50.864Z - Responding to RECORD_TASK_RUNS message
[NX v23.1.1 Daemon Server] - 2026-08-01T08:26:50.864Z - [REQUEST]: Responding to the client. handleRecordTaskRuns
[NX v23.1.1 Daemon Server] - 2026-08-01T08:26:50.864Z - Done responding to the client handleRecordTaskRuns
[NX v23.1.1 Daemon Server] - 2026-08-01T08:26:50.864Z - Handled json message RECORD_TASK_RUNS. Handling time: 0. Response time: 0.
[NX v23.1.1 Daemon Client] - 2026-08-01T08:26:50.864Z - [Messenger] Received message, length: 4
[NX v23.1.1 Daemon Client] - 2026-08-01T08:26:50.864Z - [Messenger] Sending message type: GET_FLAKY_TASKS
[NX v23.1.1 Daemon Server] - 2026-08-01T08:26:50.864Z - Received raw message of length 60
[NX v23.1.1 Daemon Client] - 2026-08-01T08:26:50.864Z - [Messenger] Message sent
[NX v23.1.1 Daemon Server] - 2026-08-01T08:26:50.864Z - Received json message of type GET_FLAKY_TASKS
[NX v23.1.1 Daemon Server] - 2026-08-01T08:26:50.865Z - Serializing response for GET_FLAKY_TASKS message in json mode
[NX v23.1.1 Daemon Server] - 2026-08-01T08:26:50.865Z - Responding to GET_FLAKY_TASKS message
[NX v23.1.1 Daemon Server] - 2026-08-01T08:26:50.865Z - [REQUEST]: Responding to the client. handleGetFlakyTasks
[NX v23.1.1 Daemon Server] - 2026-08-01T08:26:50.865Z - Done responding to the client handleGetFlakyTasks
[NX v23.1.1 Daemon Server] - 2026-08-01T08:26:50.865Z - Handled json message GET_FLAKY_TASKS. Handling time: 1. Response time: 0.
[NX v23.1.1 Daemon Client] - 2026-08-01T08:26:50.865Z - [Messenger] Received message, length: 2
[NX v23.1.1 Daemon Client] - 2026-08-01T08:26:50.865Z - [Messenger] Sending message type: GET_CONFIGURE_AI_AGENTS_STATUS
[NX v23.1.1 Daemon Client] - 2026-08-01T08:26:50.866Z - [Messenger] Message sent
[NX v23.1.1 Daemon Server] - 2026-08-01T08:26:50.866Z - Established a connection. Number of open connections: 2
[NX v23.1.1 Daemon Server] - 2026-08-01T08:26:50.866Z - Received raw message of length 41
[NX v23.1.1 Daemon Server] - 2026-08-01T08:26:50.866Z - Received json message of type GET_CONFIGURE_AI_AGENTS_STATUS
[NX v23.1.1 Daemon Server] - 2026-08-01T08:26:50.866Z - [AI-AGENTS]: Returning cached agent configuration status
[NX v23.1.1 Daemon Server] - 2026-08-01T08:26:50.866Z - Serializing response for GET_CONFIGURE_AI_AGENTS_STATUS message in json mode
[NX v23.1.1 Daemon Server] - 2026-08-01T08:26:50.866Z - Responding to GET_CONFIGURE_AI_AGENTS_STATUS message
[NX v23.1.1 Daemon Server] - 2026-08-01T08:26:50.866Z - [REQUEST]: Responding to the client. handleGetConfigureAiAgentsStatus
[NX v23.1.1 Daemon Server] - 2026-08-01T08:26:50.866Z - Done responding to the client handleGetConfigureAiAgentsStatus
[NX v23.1.1 Daemon Server] - 2026-08-01T08:26:50.866Z - Handled json message GET_CONFIGURE_AI_AGENTS_STATUS. Handling time: 0. Response time: 0.
[NX v23.1.1 Daemon Client] - 2026-08-01T08:26:50.866Z - [Messenger] Received message, length: 280
[NX v23.1.1 Daemon Server] - 2026-08-01T08:26:50.866Z - Closed a connection. Number of open connections: 1
[NX v23.1.1 Daemon Client] - 2026-08-01T08:26:50.867Z - [Messenger] Sending message type: POST_TASKS_EXECUTION
[NX v23.1.1 Daemon Client] - 2026-08-01T08:26:50.867Z - [Messenger] Message sent
[NX v23.1.1 Daemon Server] - 2026-08-01T08:26:50.868Z - Received raw message of length 20205
[NX v23.1.1 Daemon Server] - 2026-08-01T08:26:50.868Z - Received json message of type POST_TASKS_EXECUTION
[NX v23.1.1 Daemon Server] - 2026-08-01T08:26:50.868Z - Serializing response for POST_TASKS_EXECUTION message in json mode
[NX v23.1.1 Daemon Server] - 2026-08-01T08:26:50.868Z - Responding to POST_TASKS_EXECUTION message
[NX v23.1.1 Daemon Server] - 2026-08-01T08:26:50.868Z - [REQUEST]: Responding to the client. handleRunPostTasksExecution
[NX v23.1.1 Daemon Server] - 2026-08-01T08:26:50.868Z - Done responding to the client handleRunPostTasksExecution
[NX v23.1.1 Daemon Server] - 2026-08-01T08:26:50.868Z - Handled json message POST_TASKS_EXECUTION. Handling time: 0. Response time: 0.
[NX v23.1.1 Daemon Client] - 2026-08-01T08:26:50.868Z - [Messenger] Received message, length: 4
[NX v23.1.1 Daemon Server] - 2026-08-01T08:26:50.868Z - Time taken for 'postTasksExecution' 0.118916999999783ms
[NX v23.1.1 Daemon Server] - 2026-08-01T08:26:50.873Z - Closed a connection. Number of open connections: 0
DEBUG nx::native::watch::watcher: idle-window emitting events count=14
DEBUG nx::native::watch::watcher:   [create] _site/CNAME
DEBUG nx::native::watch::watcher:   [create] _site/css/main.css
DEBUG nx::native::watch::watcher:   [create] _site/podcast/index.html
DEBUG nx::native::watch::watcher:   [create] _site/links/index.html
DEBUG nx::native::watch::watcher:   [create] _site/blog/index.html
DEBUG nx::native::watch::watcher:   [create] _site/about/index.html
DEBUG nx::native::watch::watcher:   [create] _site/robots.txt
DEBUG nx::native::watch::watcher:   [create] _site/assets/images/favicon.ico
DEBUG nx::native::watch::watcher:   [create] _site/404.html
DEBUG nx::native::watch::watcher:   [create] _site/assets/images/favicon.svg
DEBUG nx::native::watch::watcher:   [create] _site/index.html
DEBUG nx::native::watch::watcher:   [create] _site/assets/css/prism.css
DEBUG nx::native::watch::watcher:   [create] _site/favicon.ico
DEBUG nx::native::watch::watcher:   [create] _site/feed.xml
[NX v23.1.1 Daemon Server] - 2026-08-01T08:26:50.968Z - [WATCHER]: Processing file changes in outputs
DEBUG nx::native::watch::watcher: idle-window emitting events count=2
DEBUG nx::native::watch::watcher:   [create] .gitignore
DEBUG nx::native::watch::watcher:   [delete] .gitignore.2751-18.cc-edit.tmp
[NX v23.1.1 Daemon Server] - 2026-08-01T08:27:10.537Z - [WATCHER]: Processing file changes in outputs
DEBUG nx::native::watch::watcher: idle-window emitting events count=2
DEBUG nx::native::watch::watcher:   [delete] .gitignore.2751-18.cc-edit.tmp
DEBUG nx::native::watch::watcher:   [create] .gitignore
[NX v23.1.1 Daemon Server] - 2026-08-01T08:27:10.538Z - [WATCHER]: 1 file(s) created or restored, 0 file(s) modified, 1 file(s) deleted
[NX v23.1.1 Daemon Server] - 2026-08-01T08:27:10.538Z - [WATCHER]: [watcher] routeWorkspaceChanges batch: 2 events: delete:.gitignore.2751-18.cc-edit.tmp, create:.gitignore
[NX v23.1.1 Daemon Server] - 2026-08-01T08:27:10.538Z - [WATCHER]: File changes detected:
Created:
  - .gitignore
Updated:
(none)
Deleted:
  - .gitignore.2751-18.cc-edit.tmp
[NX v23.1.1 Daemon Server] - 2026-08-01T08:27:10.538Z - [SYNC]: clearing sync generators cache due to file changes
[NX v23.1.1 Daemon Server] - 2026-08-01T08:27:10.538Z - [REQUEST]: Updated workspace context based on watched changes, recomputing project graph...
[NX v23.1.1 Daemon Server] - 2026-08-01T08:27:10.538Z - [REQUEST]: .gitignore
[NX v23.1.1 Daemon Server] - 2026-08-01T08:27:10.538Z - [REQUEST]: .gitignore.2751-18.cc-edit.tmp
DEBUG nx::native::watch::watcher: watching stopped origin=/Users/jaybell/WebstormProjects/jaybell.me
[plugin-client] restarting worker for "nx/js/dependencies-and-lockfile"
[isolated-plugin] spawned worker for "nx/js/dependencies-and-lockfile" (pid: 28377, socket: /private/tmp/plugin27879-3-26284.616916.sock)
[plugin-client] restarting worker for "nx/core/package-json"
[isolated-plugin] spawned worker for "nx/core/package-json" (pid: 28378, socket: /private/tmp/plugin27879-4-26285.362333.sock)
[plugin-client] restarting worker for "nx/core/project-json"
[isolated-plugin] spawned worker for "nx/core/project-json" (pid: 28379, socket: /private/tmp/plugin27879-5-26285.756291.sock)
[NX v23.1.1 Daemon Server] - 2026-08-01T08:27:10.540Z - Time taken for 'hash changed files from watcher' 0.0760840000002645ms
[NX v23.1.1 Daemon Server] - 2026-08-01T08:27:10.540Z - [WATCHER]: Stopping the watcher for /Users/jaybell/WebstormProjects/jaybell.me (sources)
DEBUG nx::native::watch::watcher: watching stopped origin=/Users/jaybell/WebstormProjects/jaybell.me
[NX v23.1.1 Daemon Server] - 2026-08-01T08:27:10.541Z - [WATCHER]: Stopping the watcher for /Users/jaybell/WebstormProjects/jaybell.me (outputs)
[NX v23.1.1 Daemon Server] - 2026-08-01T08:27:10.541Z - [LATEST-NX]: Cleaning up latest Nx installation from /private/tmp/tmp-27879-kTpFyeyFHQUU
[NX v23.1.1 Daemon Server] - 2026-08-01T08:27:10.541Z - Server stopped because: "Stopping the daemon the set of ignored files changed (native)"
[NX v23.1.1 Daemon Client] - 2026-08-01T08:28:16.068Z - [Client] Starting new daemon server in background
[NX v23.1.1 Daemon Client] - 2026-08-01T08:28:16.076Z - [Client] Waiting for server (max: 6000 attempts, 10ms interval)
DEBUG nx::native::watch::watcher: watching started origin=/Users/jaybell/WebstormProjects/jaybell.me
[NX v23.1.1 Daemon Server] - 2026-08-01T08:28:16.342Z - [WATCHER]: Subscribed to changes within: /Users/jaybell/WebstormProjects/jaybell.me (native)
[NX v23.1.1 Daemon Server] - 2026-08-01T08:28:16.344Z - New daemon starting from: /Users/jaybell/WebstormProjects/jaybell.me/node_modules/.pnpm/nx@23.1.1/node_modules/nx/dist/src/daemon/server/server.js
[NX v23.1.1 Daemon Server] - 2026-08-01T08:28:16.344Z - New daemon __dirname: /Users/jaybell/WebstormProjects/jaybell.me/node_modules/.pnpm/nx@23.1.1/node_modules/nx/dist/src/daemon/server
[NX v23.1.1 Daemon Server] - 2026-08-01T08:28:16.344Z - New daemon nxVersion: 23.1.1
[NX v23.1.1 Daemon Server] - 2026-08-01T08:28:16.344Z - New daemon getInstalledNxVersion(): 23.1.1
[NX v23.1.1 Daemon Server] - 2026-08-01T08:28:16.349Z - Time taken for 'workspace context init' 0.1543749999999875ms
[NX v23.1.1 Daemon Server] - 2026-08-01T08:28:16.361Z - [Server] Starting outdated check interval (20ms)
[NX v23.1.1 Daemon Server] - 2026-08-01T08:28:16.362Z - Started listening on: /private/tmp/4a8ae0a549d227918bca/d.sock
DEBUG nx::native::watch::watcher: watching started origin=/Users/jaybell/WebstormProjects/jaybell.me
[NX v23.1.1 Daemon Server] - 2026-08-01T08:28:16.366Z - [LATEST-NX]: Pulling latest Nx...
[NX v23.1.1 Daemon Client] - 2026-08-01T08:28:16.373Z - [Client] Server available
[NX v23.1.1 Daemon Client] - 2026-08-01T08:28:16.374Z - [Client] Daemon server started, pid=29736
[NX v23.1.1 Daemon Client] - 2026-08-01T08:28:16.374Z - [Messenger] Setting up socket listeners
[NX v23.1.1 Daemon Client] - 2026-08-01T08:28:16.374Z - [Messenger] listen() complete
[NX v23.1.1 Daemon Server] - 2026-08-01T08:28:16.374Z - [AI-AGENTS]: Starting agent configuration status computation
[isolated-plugin] spawned worker for "/Users/jaybell/WebstormProjects/jaybell.me/node_modules/.pnpm/nx@23.1.1/node_modules/nx/dist/src/plugins/js" (pid: 29764, socket: /private/tmp/plugin29736-0-257.916583.sock)
[isolated-plugin] spawned worker for "/Users/jaybell/WebstormProjects/jaybell.me/node_modules/.pnpm/nx@23.1.1/node_modules/nx/dist/src/plugins/package-json" (pid: 29766, socket: /private/tmp/plugin29736-1-261.217833.sock)
[isolated-plugin] spawned worker for "/Users/jaybell/WebstormProjects/jaybell.me/node_modules/.pnpm/nx@23.1.1/node_modules/nx/dist/src/plugins/project-json/build-nodes/project-json" (pid: 29767, socket: /private/tmp/plugin29736-2-262.066541.sock)
[NX v23.1.1 Daemon Server] - 2026-08-01T08:28:16.380Z - Time taken for 'hash changed files from watcher' 0.01274999999998272ms
[NX v23.1.1 Daemon Server] - 2026-08-01T08:28:16.380Z - Time taken for 'loadSpecifiedNxPlugins' 13.567791999999969ms
[NX v23.1.1 Daemon Server] - 2026-08-01T08:28:16.382Z - Established a connection. Number of open connections: 1
[NX v23.1.1 Daemon Server] - 2026-08-01T08:28:16.383Z - Established a connection. Number of open connections: 2
[NX v23.1.1 Daemon Server] - 2026-08-01T08:28:16.385Z - Closed a connection. Number of open connections: 1
[NX v23.1.1 Daemon Client] - 2026-08-01T08:28:16.385Z - [Messenger] Sending message type: REQUEST_PROJECT_GRAPH
[NX v23.1.1 Daemon Client] - 2026-08-01T08:28:16.386Z - [Messenger] Message sent
[NX v23.1.1 Daemon Server] - 2026-08-01T08:28:16.387Z - Received raw message of length 3607
[NX v23.1.1 Daemon Server] - 2026-08-01T08:28:16.387Z - Received json message of type REQUEST_PROJECT_GRAPH
[NX v23.1.1 Daemon Server] - 2026-08-01T08:28:16.388Z - [REQUEST]: Client Request for Project Graph Received
DEBUG nx::native::watch::watcher: force-flush END count=0 replies=1 elapsed=68.19275ms
[NX v23.1.1 Daemon Server] - 2026-08-01T08:28:16.457Z - Reusing in-memory cached project graph because no files changed.
DEBUG nx::native::watch::watcher: idle-window emitting events count=1
DEBUG nx::native::watch::watcher:   [create] .nx/workspace-data/d/server-process.json
[NX v23.1.1 Daemon Server] - 2026-08-01T08:28:16.480Z - [WATCHER]: Processing file changes in outputs
[plugin-worker] "/Users/jaybell/WebstormProjects/jaybell.me/node_modules/.pnpm/nx@23.1.1/node_modules/nx/dist/src/plugins/package-json" (pid: 29766) listening on /private/tmp/plugin29736-1-261.217833.sock
Time taken for 'plugin worker 29766 code loading' 82.584875ms
[isolated-plugin] connected to worker for "/Users/jaybell/WebstormProjects/jaybell.me/node_modules/.pnpm/nx@23.1.1/node_modules/nx/dist/src/plugins/package-json" (pid: 29766)
[NX v23.1.1 Daemon Server] - 2026-08-01T08:28:16.533Z - Time taken for 'start-plugin-worker:/Users/jaybell/WebstormProjects/jaybell.me/node_modules/.pnpm/nx@23.1.1/node_modules/nx/dist/src/plugins/package-json' 154.388333ms
[plugin-worker] "/Users/jaybell/WebstormProjects/jaybell.me/node_modules/.pnpm/nx@23.1.1/node_modules/nx/dist/src/plugins/package-json" (pid: 29766) connected
[plugin-worker] "/Users/jaybell/WebstormProjects/jaybell.me/node_modules/.pnpm/nx@23.1.1/node_modules/nx/dist/src/plugins/project-json/build-nodes/project-json" (pid: 29767) listening on /private/tmp/plugin29736-2-262.066541.sock
Time taken for 'plugin worker 29767 code loading' 91.850042ms
[plugin-worker] "/Users/jaybell/WebstormProjects/jaybell.me/node_modules/.pnpm/nx@23.1.1/node_modules/nx/dist/src/plugins/package-json" (pid: 29766) loaded successfully
[NX v23.1.1 Daemon Server] - 2026-08-01T08:28:16.540Z - Time taken for 'Load Nx Plugin: /Users/jaybell/WebstormProjects/jaybell.me/node_modules/.pnpm/nx@23.1.1/node_modules/nx/dist/src/plugins/package-json' 173.863791ms
[isolated-plugin] connected to worker for "/Users/jaybell/WebstormProjects/jaybell.me/node_modules/.pnpm/nx@23.1.1/node_modules/nx/dist/src/plugins/project-json/build-nodes/project-json" (pid: 29767)
[NX v23.1.1 Daemon Server] - 2026-08-01T08:28:16.544Z - Time taken for 'start-plugin-worker:/Users/jaybell/WebstormProjects/jaybell.me/node_modules/.pnpm/nx@23.1.1/node_modules/nx/dist/src/plugins/project-json/build-nodes/project-json' 164.604958ms
[plugin-worker] "/Users/jaybell/WebstormProjects/jaybell.me/node_modules/.pnpm/nx@23.1.1/node_modules/nx/dist/src/plugins/project-json/build-nodes/project-json" (pid: 29767) connected
[plugin-worker] "/Users/jaybell/WebstormProjects/jaybell.me/node_modules/.pnpm/nx@23.1.1/node_modules/nx/dist/src/plugins/project-json/build-nodes/project-json" (pid: 29767) loaded successfully
[NX v23.1.1 Daemon Server] - 2026-08-01T08:28:16.548Z - Time taken for 'Load Nx Plugin: /Users/jaybell/WebstormProjects/jaybell.me/node_modules/.pnpm/nx@23.1.1/node_modules/nx/dist/src/plugins/project-json/build-nodes/project-json' 182.25295800000004ms
[plugin-worker] "/Users/jaybell/WebstormProjects/jaybell.me/node_modules/.pnpm/nx@23.1.1/node_modules/nx/dist/src/plugins/js" (pid: 29764) listening on /private/tmp/plugin29736-0-257.916583.sock
Time taken for 'plugin worker 29764 code loading' 108.978125ms
[isolated-plugin] connected to worker for "/Users/jaybell/WebstormProjects/jaybell.me/node_modules/.pnpm/nx@23.1.1/node_modules/nx/dist/src/plugins/js" (pid: 29764)
[NX v23.1.1 Daemon Server] - 2026-08-01T08:28:16.554Z - Time taken for 'start-plugin-worker:/Users/jaybell/WebstormProjects/jaybell.me/node_modules/.pnpm/nx@23.1.1/node_modules/nx/dist/src/plugins/js' 178.927167ms
[plugin-worker] "/Users/jaybell/WebstormProjects/jaybell.me/node_modules/.pnpm/nx@23.1.1/node_modules/nx/dist/src/plugins/js" (pid: 29764) connected
[plugin-worker] "/Users/jaybell/WebstormProjects/jaybell.me/node_modules/.pnpm/nx@23.1.1/node_modules/nx/dist/src/plugins/js" (pid: 29764) loaded successfully
[NX v23.1.1 Daemon Server] - 2026-08-01T08:28:16.565Z - [REQUEST]: Updated workspace context based on watched changes, recomputing project graph...
[NX v23.1.1 Daemon Server] - 2026-08-01T08:28:16.565Z - [REQUEST]: 
[NX v23.1.1 Daemon Server] - 2026-08-01T08:28:16.565Z - [REQUEST]: 
[NX v23.1.1 Daemon Server] - 2026-08-01T08:28:16.567Z - Streaming message to client: progress update for topic graph-construction
[NX v23.1.1 Daemon Client] - 2026-08-01T08:28:16.567Z - [Messenger] Received message, length: 47
[NX v23.1.1 Daemon Server] - 2026-08-01T08:28:16.568Z - Time taken for 'loadDefaultNxPlugins' 199.23291600000002ms
[NX v23.1.1 Daemon Server] - 2026-08-01T08:28:16.568Z - Time taken for 'Load Nx Plugin: /Users/jaybell/WebstormProjects/jaybell.me/node_modules/.pnpm/nx@23.1.1/node_modules/nx/dist/src/plugins/js' 199.09729099999998ms
[isolated-plugin] shutting down worker for "nx/core/project-json" after createNodes
[NX v23.1.1 Daemon Server] - 2026-08-01T08:28:16.569Z - Streaming message to client: progress update for topic graph-construction
Time taken for 'nx/js/dependencies-and-lockfile:createNodes' 1.7578749999999843ms
[NX v23.1.1 Daemon Client] - 2026-08-01T08:28:16.571Z - [Messenger] Received message, length: 153
[NX v23.1.1 Daemon Server] - 2026-08-01T08:28:16.572Z - Streaming message to client: progress update for topic graph-construction
[NX v23.1.1 Daemon Client] - 2026-08-01T08:28:16.572Z - [Messenger] Received message, length: 101
[isolated-plugin] shutting down worker for "nx/core/package-json" after createNodes
[NX v23.1.1 Daemon Server] - 2026-08-01T08:28:17.029Z - Streaming message to client: progress update for topic graph-construction
[NX v23.1.1 Daemon Client] - 2026-08-01T08:28:17.029Z - [Messenger] Received message, length: 47
[NX v23.1.1 Daemon Server] - 2026-08-01T08:28:17.035Z - Streaming message to client: progress update for topic graph-construction
[NX v23.1.1 Daemon Client] - 2026-08-01T08:28:17.035Z - [Messenger] Received message, length: 47
[NX v23.1.1 Daemon Server] - 2026-08-01T08:28:17.035Z - Time taken for 'build-project-configs' 465.387583ms
[NX v23.1.1 Daemon Server] - 2026-08-01T08:28:17.035Z - Time taken for 'createNodes:merge' 3.1094170000000076ms
[NX v23.1.1 Daemon Server] - 2026-08-01T08:28:17.035Z - Time taken for 'native-file-deps' 0.0014579999999568827ms
[NX v23.1.1 Daemon Server] - 2026-08-01T08:28:17.035Z - Time taken for 'get-workspace-files' 0.46462499999995543ms
[NX v23.1.1 Daemon Server] - 2026-08-01T08:28:17.035Z - Time taken for 'read cache' 0.1153749999999718ms
Time taken for 'build typescript dependencies' 0.5939160000000356ms
[isolated-plugin] shutting down worker for "nx/js/dependencies-and-lockfile" after createDependencies
[NX v23.1.1 Daemon Server] - 2026-08-01T08:28:17.056Z - Streaming message to client: progress update for topic graph-construction
[NX v23.1.1 Daemon Client] - 2026-08-01T08:28:17.056Z - [Messenger] Received message, length: 47
[NX v23.1.1 Daemon Server] - 2026-08-01T08:28:17.058Z - [SYNC]: collect registered sync generators
[NX v23.1.1 Daemon Server] - 2026-08-01T08:28:17.060Z - Wrote project graph cache to /Users/jaybell/WebstormProjects/jaybell.me/.nx/workspace-data/project-graph.json
[NX v23.1.1 Daemon Server] - 2026-08-01T08:28:17.060Z - Serializing response for REQUEST_PROJECT_GRAPH message in json mode
[NX v23.1.1 Daemon Server] - 2026-08-01T08:28:17.060Z - Responding to REQUEST_PROJECT_GRAPH message
[NX v23.1.1 Daemon Server] - 2026-08-01T08:28:17.060Z - [REQUEST]: Responding to the client. project-graph
[NX v23.1.1 Daemon Server] - 2026-08-01T08:28:17.060Z - Time taken for 'total for creating and serializing project graph' 672.1131250000001ms
[NX v23.1.1 Daemon Server] - 2026-08-01T08:28:17.060Z - Time taken for 'total execution time for createProjectGraph()' 24.494332999999983ms
[NX v23.1.1 Daemon Server] - 2026-08-01T08:28:17.060Z - Time taken for 'createDependencies' 22.695124999999962ms
[NX v23.1.1 Daemon Server] - 2026-08-01T08:28:17.060Z - Time taken for 'nx/js/dependencies-and-lockfile:createDependencies' 22.447667000000024ms
[NX v23.1.1 Daemon Server] - 2026-08-01T08:28:17.060Z - Time taken for 'createMetadata' 0.011124999999992724ms
[NX v23.1.1 Daemon Server] - 2026-08-01T08:28:17.060Z - Time taken for 'serialize graph' 0.29849999999999ms
[NX v23.1.1 Daemon Server] - 2026-08-01T08:28:17.060Z - Time taken for 'write cache' 1.237875000000031ms
[NX v23.1.1 Daemon Server] - 2026-08-01T08:28:17.067Z - Done responding to the client project-graph
[NX v23.1.1 Daemon Client] - 2026-08-01T08:28:17.067Z - [Messenger] Received message, length: 142695
[NX v23.1.1 Daemon Server] - 2026-08-01T08:28:17.067Z - Handled json message REQUEST_PROJECT_GRAPH. Handling time: 673. Response time: 7.
[NX v23.1.1 Daemon Client] - 2026-08-01T08:28:17.071Z - [Messenger] Sending message type: PRE_TASKS_EXECUTION
[NX v23.1.1 Daemon Client] - 2026-08-01T08:28:17.071Z - [Messenger] Message sent
[NX v23.1.1 Daemon Server] - 2026-08-01T08:28:17.072Z - Received raw message of length 742
[NX v23.1.1 Daemon Server] - 2026-08-01T08:28:17.072Z - Received json message of type PRE_TASKS_EXECUTION
[NX v23.1.1 Daemon Server] - 2026-08-01T08:28:17.073Z - Serializing response for PRE_TASKS_EXECUTION message in json mode
[NX v23.1.1 Daemon Server] - 2026-08-01T08:28:17.073Z - Responding to PRE_TASKS_EXECUTION message
[NX v23.1.1 Daemon Server] - 2026-08-01T08:28:17.073Z - [REQUEST]: Responding to the client. handleRunPreTasksExecution
[NX v23.1.1 Daemon Server] - 2026-08-01T08:28:17.073Z - Done responding to the client handleRunPreTasksExecution
[NX v23.1.1 Daemon Server] - 2026-08-01T08:28:17.073Z - Handled json message PRE_TASKS_EXECUTION. Handling time: 1. Response time: 0.
[NX v23.1.1 Daemon Server] - 2026-08-01T08:28:17.073Z - Time taken for 'preTasksExecution' 0.5072089999999889ms
[NX v23.1.1 Daemon Client] - 2026-08-01T08:28:17.073Z - [Messenger] Received message, length: 2
Fetching nx...
[NX v23.1.1 Daemon Client] - 2026-08-01T08:28:17.489Z - [Messenger] Sending message type: HASH_TASKS
[NX v23.1.1 Daemon Client] - 2026-08-01T08:28:17.489Z - [Messenger] Message sent
[NX v23.1.1 Daemon Server] - 2026-08-01T08:28:18.074Z - Received raw message of length 9378
[NX v23.1.1 Daemon Server] - 2026-08-01T08:28:18.074Z - Received json message of type HASH_TASKS
DEBUG nx::native::watch::watcher: force-flush END count=0 replies=1 elapsed=51.537708ms
[NX v23.1.1 Daemon Server] - 2026-08-01T08:28:18.126Z - Reusing in-memory cached project graph because no files changed.
DEBUG nx::native::tasks::hash_planner: get_plans_internal COMPLETED in 831.041µs - processed 2 tasks (setup: 347.083µs, parallel_planning: 476.917µs, pool: 383 unique instructions)
DEBUG nx::native::tasks::hashers::hash_workspace_files: Hashing workspace fileset: Adding "4428976735330422855" (".gitignore") to hash
DEBUG nx::native::tasks::hashers::hash_workspace_files: Hashing workspace fileset: Adding "16829365538347415742" ("nx.json") to hash
DEBUG nx::native::tasks::hashers::hash_workspace_files: Hashing workspace fileset: Hash Value: "5870401572128140849"
DEBUG nx::native::tasks::task_hasher: hash_plans COMPLETED in 1.085416ms - processed 2 plans (setup: 63.708µs, hashing: 1.018792ms, assembly: 245.792µs)
[NX v23.1.1 Daemon Server] - 2026-08-01T08:28:18.131Z - Serializing response for HASH_TASKS message in json mode
[NX v23.1.1 Daemon Server] - 2026-08-01T08:28:18.131Z - Responding to HASH_TASKS message
[NX v23.1.1 Daemon Server] - 2026-08-01T08:28:18.131Z - [REQUEST]: Responding to the client. handleHashTasks
[NX v23.1.1 Daemon Server] - 2026-08-01T08:28:18.131Z - Done responding to the client handleHashTasks
[NX v23.1.1 Daemon Client] - 2026-08-01T08:28:18.131Z - [Messenger] Received message, length: 17543
[NX v23.1.1 Daemon Server] - 2026-08-01T08:28:18.131Z - Handled json message HASH_TASKS. Handling time: 57. Response time: 0.
[NX v23.1.1 Daemon Client] - 2026-08-01T08:28:18.216Z - [Messenger] Sending message type: GET_ESTIMATED_TASK_TIMINGS
[NX v23.1.1 Daemon Client] - 2026-08-01T08:28:18.216Z - [Messenger] Message sent
[NX v23.1.1 Daemon Server] - 2026-08-01T08:28:18.216Z - Received raw message of length 129
[NX v23.1.1 Daemon Server] - 2026-08-01T08:28:18.216Z - Received json message of type GET_ESTIMATED_TASK_TIMINGS
[NX v23.1.1 Daemon Server] - 2026-08-01T08:28:18.220Z - Serializing response for GET_ESTIMATED_TASK_TIMINGS message in json mode
[NX v23.1.1 Daemon Server] - 2026-08-01T08:28:18.220Z - Responding to GET_ESTIMATED_TASK_TIMINGS message
[NX v23.1.1 Daemon Server] - 2026-08-01T08:28:18.220Z - [REQUEST]: Responding to the client. handleGetEstimatedTaskTimings
[NX v23.1.1 Daemon Server] - 2026-08-01T08:28:18.220Z - Done responding to the client handleGetEstimatedTaskTimings
[NX v23.1.1 Daemon Server] - 2026-08-01T08:28:18.220Z - Handled json message GET_ESTIMATED_TASK_TIMINGS. Handling time: 4. Response time: 0.
[NX v23.1.1 Daemon Client] - 2026-08-01T08:28:18.220Z - [Messenger] Received message, length: 61
[NX v23.1.1 Daemon Server] - 2026-08-01T08:28:19.574Z - [LATEST-NX]: Successfully pulled latest Nx to /private/tmp/tmp-29736-U9lEPsKWMQ66
[NX v23.1.1 Daemon Server] - 2026-08-01T08:28:19.575Z - [NX-CONSOLE]: Using local implementation (NX_USE_LOCAL=true or inner call)
DEBUG nx::native::ide::install: Detected editor: Unknown
[NX v23.1.1 Daemon Server] - 2026-08-01T08:28:19.580Z - [NX-CONSOLE]: Console status check completed, shouldPrompt: false
DEBUG nx::native::ide::install: Editor command 'code' not found
DEBUG nx::native::ide::install: Editor command 'code-insiders' not found
DEBUG nx::native::ide::install: Editor command 'cursor' not found
DEBUG nx::native::ide::install: Checking if Nx Console extension is installed with: cursor --list-extensions
DEBUG nx::native::ide::install: Command 'cursor' not found, cannot check extension status
[NX v23.1.1 Daemon Server] - 2026-08-01T08:28:19.589Z - [AI-AGENTS]: Agent configuration status computation completed: 0 fully configured, 0 outdated, 2 partially configured, 2 non-configured
[NX v23.1.1 Daemon Client] - 2026-08-01T08:28:20.126Z - [Messenger] Sending message type: RECORD_OUTPUTS_HASH_BATCH
[NX v23.1.1 Daemon Client] - 2026-08-01T08:28:20.126Z - [Messenger] Message sent
[NX v23.1.1 Daemon Server] - 2026-08-01T08:28:20.126Z - Received raw message of length 93
[NX v23.1.1 Daemon Server] - 2026-08-01T08:28:20.126Z - Received json message of type RECORD_OUTPUTS_HASH_BATCH
[NX v23.1.1 Daemon Server] - 2026-08-01T08:28:20.128Z - Serializing response for RECORD_OUTPUTS_HASH_BATCH message in json mode
[NX v23.1.1 Daemon Server] - 2026-08-01T08:28:20.129Z - Responding to RECORD_OUTPUTS_HASH_BATCH message
[NX v23.1.1 Daemon Server] - 2026-08-01T08:28:20.129Z - [REQUEST]: Responding to the client. recordOutputsHashBatch
[NX v23.1.1 Daemon Server] - 2026-08-01T08:28:20.129Z - Done responding to the client recordOutputsHashBatch
[NX v23.1.1 Daemon Server] - 2026-08-01T08:28:20.129Z - Handled json message RECORD_OUTPUTS_HASH_BATCH. Handling time: 2. Response time: 1.
[NX v23.1.1 Daemon Client] - 2026-08-01T08:28:20.129Z - [Messenger] Received message, length: 2
DEBUG nx::native::watch::watcher: idle-window emitting events count=1
DEBUG nx::native::watch::watcher:   [create] gen/main.css
[NX v23.1.1 Daemon Server] - 2026-08-01T08:28:20.248Z - [WATCHER]: Processing file changes in outputs
[NX v23.1.1 Daemon Client] - 2026-08-01T08:28:21.209Z - [Messenger] Sending message type: RECORD_OUTPUTS_HASH_BATCH
[NX v23.1.1 Daemon Client] - 2026-08-01T08:28:21.209Z - [Messenger] Message sent
[NX v23.1.1 Daemon Server] - 2026-08-01T08:28:21.209Z - Received raw message of length 128
[NX v23.1.1 Daemon Server] - 2026-08-01T08:28:21.209Z - Received json message of type RECORD_OUTPUTS_HASH_BATCH
[NX v23.1.1 Daemon Server] - 2026-08-01T08:28:21.209Z - Serializing response for RECORD_OUTPUTS_HASH_BATCH message in json mode
[NX v23.1.1 Daemon Server] - 2026-08-01T08:28:21.209Z - Responding to RECORD_OUTPUTS_HASH_BATCH message
[NX v23.1.1 Daemon Server] - 2026-08-01T08:28:21.209Z - [REQUEST]: Responding to the client. recordOutputsHashBatch
[NX v23.1.1 Daemon Server] - 2026-08-01T08:28:21.209Z - Done responding to the client recordOutputsHashBatch
[NX v23.1.1 Daemon Server] - 2026-08-01T08:28:21.209Z - Handled json message RECORD_OUTPUTS_HASH_BATCH. Handling time: 0. Response time: 0.
[NX v23.1.1 Daemon Client] - 2026-08-01T08:28:21.209Z - [Messenger] Received message, length: 2
[NX v23.1.1 Daemon Client] - 2026-08-01T08:28:21.210Z - [Messenger] Sending message type: RECORD_TASK_RUNS
[NX v23.1.1 Daemon Client] - 2026-08-01T08:28:21.210Z - [Messenger] Message sent
[NX v23.1.1 Daemon Server] - 2026-08-01T08:28:21.210Z - Received raw message of length 375
[NX v23.1.1 Daemon Server] - 2026-08-01T08:28:21.210Z - Received json message of type RECORD_TASK_RUNS
[NX v23.1.1 Daemon Server] - 2026-08-01T08:28:21.211Z - Serializing response for RECORD_TASK_RUNS message in json mode
[NX v23.1.1 Daemon Server] - 2026-08-01T08:28:21.211Z - Responding to RECORD_TASK_RUNS message
[NX v23.1.1 Daemon Server] - 2026-08-01T08:28:21.211Z - [REQUEST]: Responding to the client. handleRecordTaskRuns
[NX v23.1.1 Daemon Server] - 2026-08-01T08:28:21.211Z - Done responding to the client handleRecordTaskRuns
[NX v23.1.1 Daemon Server] - 2026-08-01T08:28:21.211Z - Handled json message RECORD_TASK_RUNS. Handling time: 1. Response time: 0.
[NX v23.1.1 Daemon Client] - 2026-08-01T08:28:21.211Z - [Messenger] Received message, length: 4
[NX v23.1.1 Daemon Client] - 2026-08-01T08:28:21.211Z - [Messenger] Sending message type: GET_FLAKY_TASKS
[NX v23.1.1 Daemon Client] - 2026-08-01T08:28:21.211Z - [Messenger] Message sent
[NX v23.1.1 Daemon Server] - 2026-08-01T08:28:21.211Z - Received raw message of length 58
[NX v23.1.1 Daemon Server] - 2026-08-01T08:28:21.211Z - Received json message of type GET_FLAKY_TASKS
[NX v23.1.1 Daemon Server] - 2026-08-01T08:28:21.211Z - Serializing response for GET_FLAKY_TASKS message in json mode
[NX v23.1.1 Daemon Server] - 2026-08-01T08:28:21.211Z - Responding to GET_FLAKY_TASKS message
[NX v23.1.1 Daemon Server] - 2026-08-01T08:28:21.211Z - [REQUEST]: Responding to the client. handleGetFlakyTasks
[NX v23.1.1 Daemon Server] - 2026-08-01T08:28:21.211Z - Done responding to the client handleGetFlakyTasks
[NX v23.1.1 Daemon Server] - 2026-08-01T08:28:21.211Z - Handled json message GET_FLAKY_TASKS. Handling time: 0. Response time: 0.
[NX v23.1.1 Daemon Client] - 2026-08-01T08:28:21.211Z - [Messenger] Received message, length: 2
[NX v23.1.1 Daemon Server] - 2026-08-01T08:28:21.211Z - Established a connection. Number of open connections: 2
[NX v23.1.1 Daemon Client] - 2026-08-01T08:28:21.211Z - [Messenger] Sending message type: GET_CONFIGURE_AI_AGENTS_STATUS
[NX v23.1.1 Daemon Client] - 2026-08-01T08:28:21.211Z - [Messenger] Message sent
[NX v23.1.1 Daemon Server] - 2026-08-01T08:28:21.211Z - Closed a connection. Number of open connections: 1
[NX v23.1.1 Daemon Server] - 2026-08-01T08:28:21.211Z - Received raw message of length 41
[NX v23.1.1 Daemon Server] - 2026-08-01T08:28:21.211Z - Received json message of type GET_CONFIGURE_AI_AGENTS_STATUS
[NX v23.1.1 Daemon Server] - 2026-08-01T08:28:21.211Z - [AI-AGENTS]: Returning cached agent configuration status
[NX v23.1.1 Daemon Server] - 2026-08-01T08:28:21.211Z - Serializing response for GET_CONFIGURE_AI_AGENTS_STATUS message in json mode
[NX v23.1.1 Daemon Server] - 2026-08-01T08:28:21.211Z - Responding to GET_CONFIGURE_AI_AGENTS_STATUS message
[NX v23.1.1 Daemon Server] - 2026-08-01T08:28:21.211Z - [REQUEST]: Responding to the client. handleGetConfigureAiAgentsStatus
[NX v23.1.1 Daemon Server] - 2026-08-01T08:28:21.212Z - Done responding to the client handleGetConfigureAiAgentsStatus
[NX v23.1.1 Daemon Client] - 2026-08-01T08:28:21.212Z - [Messenger] Received message, length: 280
[NX v23.1.1 Daemon Server] - 2026-08-01T08:28:21.212Z - Handled json message GET_CONFIGURE_AI_AGENTS_STATUS. Handling time: 0. Response time: 1.
[NX v23.1.1 Daemon Client] - 2026-08-01T08:28:21.212Z - [Messenger] Sending message type: POST_TASKS_EXECUTION
[NX v23.1.1 Daemon Client] - 2026-08-01T08:28:21.213Z - [Messenger] Message sent
[NX v23.1.1 Daemon Server] - 2026-08-01T08:28:21.213Z - Received raw message of length 20203
[NX v23.1.1 Daemon Server] - 2026-08-01T08:28:21.213Z - Received json message of type POST_TASKS_EXECUTION
[NX v23.1.1 Daemon Server] - 2026-08-01T08:28:21.213Z - Serializing response for POST_TASKS_EXECUTION message in json mode
[NX v23.1.1 Daemon Server] - 2026-08-01T08:28:21.213Z - Responding to POST_TASKS_EXECUTION message
[NX v23.1.1 Daemon Server] - 2026-08-01T08:28:21.213Z - [REQUEST]: Responding to the client. handleRunPostTasksExecution
[NX v23.1.1 Daemon Server] - 2026-08-01T08:28:21.213Z - Done responding to the client handleRunPostTasksExecution
[NX v23.1.1 Daemon Server] - 2026-08-01T08:28:21.213Z - Handled json message POST_TASKS_EXECUTION. Handling time: 0. Response time: 0.
[NX v23.1.1 Daemon Client] - 2026-08-01T08:28:21.213Z - [Messenger] Received message, length: 4
[NX v23.1.1 Daemon Server] - 2026-08-01T08:28:21.213Z - Time taken for 'postTasksExecution' 0.09066699999948469ms
[NX v23.1.1 Daemon Server] - 2026-08-01T08:28:21.218Z - Closed a connection. Number of open connections: 0
DEBUG nx::native::watch::watcher: idle-window emitting events count=14
DEBUG nx::native::watch::watcher:   [create] _site/about/index.html
DEBUG nx::native::watch::watcher:   [create] _site/assets/css/prism.css
DEBUG nx::native::watch::watcher:   [create] _site/assets/images/favicon.svg
DEBUG nx::native::watch::watcher:   [create] _site/assets/images/favicon.ico
DEBUG nx::native::watch::watcher:   [create] _site/index.html
DEBUG nx::native::watch::watcher:   [create] _site/CNAME
DEBUG nx::native::watch::watcher:   [create] _site/css/main.css
DEBUG nx::native::watch::watcher:   [create] _site/404.html
DEBUG nx::native::watch::watcher:   [create] _site/links/index.html
DEBUG nx::native::watch::watcher:   [create] _site/favicon.ico
DEBUG nx::native::watch::watcher:   [create] _site/feed.xml
DEBUG nx::native::watch::watcher:   [create] _site/podcast/index.html
DEBUG nx::native::watch::watcher:   [create] _site/robots.txt
DEBUG nx::native::watch::watcher:   [create] _site/blog/index.html
[NX v23.1.1 Daemon Server] - 2026-08-01T08:28:21.303Z - [WATCHER]: Processing file changes in outputs
DEBUG nx::native::watch::watcher: idle-window emitting events count=1
DEBUG nx::native::watch::watcher:   [create] .commandcode/taste/tooling/taste.md
[NX v23.1.1 Daemon Server] - 2026-08-01T08:29:17.257Z - [WATCHER]: Processing file changes in outputs
DEBUG nx::native::watch::watcher: idle-window emitting events count=1
DEBUG nx::native::watch::watcher:   [create] .commandcode/taste/tooling/taste.md
[NX v23.1.1 Daemon Server] - 2026-08-01T08:29:17.260Z - [WATCHER]: .commandcode/taste/tooling/taste.md was created or restored
[NX v23.1.1 Daemon Server] - 2026-08-01T08:29:17.260Z - [WATCHER]: [watcher] routeWorkspaceChanges batch: 1 events: create:.commandcode/taste/tooling/taste.md
[NX v23.1.1 Daemon Server] - 2026-08-01T08:29:17.260Z - [WATCHER]: File changes detected:
Created:
  - .commandcode/taste/tooling/taste.md
Updated:
(none)
Deleted:
(none)
[NX v23.1.1 Daemon Server] - 2026-08-01T08:29:17.260Z - [SYNC]: clearing sync generators cache due to file changes
[NX v23.1.1 Daemon Server] - 2026-08-01T08:29:17.261Z - [REQUEST]: Updated workspace context based on watched changes, recomputing project graph...
[NX v23.1.1 Daemon Server] - 2026-08-01T08:29:17.261Z - [REQUEST]: .commandcode/taste/tooling/taste.md
[NX v23.1.1 Daemon Server] - 2026-08-01T08:29:17.261Z - [REQUEST]: 
[plugin-client] restarting worker for "nx/js/dependencies-and-lockfile"
[isolated-plugin] spawned worker for "nx/js/dependencies-and-lockfile" (pid: 30919, socket: /private/tmp/plugin29736-3-61144.069458.sock)
[plugin-client] restarting worker for "nx/core/package-json"
[isolated-plugin] spawned worker for "nx/core/package-json" (pid: 30920, socket: /private/tmp/plugin29736-4-61145.152916.sock)
[plugin-client] restarting worker for "nx/core/project-json"
[isolated-plugin] spawned worker for "nx/core/project-json" (pid: 30921, socket: /private/tmp/plugin29736-5-61145.783166.sock)
[NX v23.1.1 Daemon Server] - 2026-08-01T08:29:17.264Z - Time taken for 'hash changed files from watcher' 0.14991700000246055ms
[plugin-worker] "nx/core/project-json" (pid: 30921) listening on /private/tmp/plugin29736-5-61145.783166.sock
[plugin-worker] "nx/core/package-json" (pid: 30920) listening on /private/tmp/plugin29736-4-61145.152916.sock
[plugin-worker] "nx/js/dependencies-and-lockfile" (pid: 30919) listening on /private/tmp/plugin29736-3-61144.069458.sock
Time taken for 'plugin worker 30920 code loading' 233.809875ms
Time taken for 'plugin worker 30919 code loading' 233.75724999999997ms
Time taken for 'plugin worker 30921 code loading' 233.805792ms
[isolated-plugin] connected to worker for "nx/js/dependencies-and-lockfile" (pid: 30919)
[isolated-plugin] connected to worker for "nx/core/package-json" (pid: 30920)
[isolated-plugin] connected to worker for "nx/core/project-json" (pid: 30921)
[NX v23.1.1 Daemon Server] - 2026-08-01T08:29:17.589Z - Time taken for 'start-plugin-worker:nx/js/dependencies-and-lockfile' 327.7385839999988ms
[NX v23.1.1 Daemon Server] - 2026-08-01T08:29:17.589Z - Time taken for 'start-plugin-worker:nx/core/package-json' 326.7560000000012ms
[NX v23.1.1 Daemon Server] - 2026-08-01T08:29:17.589Z - Time taken for 'start-plugin-worker:nx/core/project-json' 326.1915000000008ms
[plugin-worker] "nx/core/package-json" (pid: 30920) connected
[plugin-worker] "nx/js/dependencies-and-lockfile" (pid: 30919) connected
[plugin-worker] "nx/core/project-json" (pid: 30921) connected
[plugin-worker] "nx/core/project-json" (pid: 30921) loaded successfully
[isolated-plugin] shutting down worker for "nx/core/project-json" after createNodes
[plugin-worker] "nx/core/package-json" (pid: 30920) loaded successfully
[plugin-worker] "nx/js/dependencies-and-lockfile" (pid: 30919) loaded successfully
Time taken for 'nx/js/dependencies-and-lockfile:createNodes' 1.8859999999999673ms
[isolated-plugin] shutting down worker for "nx/core/package-json" after createNodes
[NX v23.1.1 Daemon Server] - 2026-08-01T08:29:17.826Z - Time taken for 'build-project-configs' 563.8089999999938ms
[NX v23.1.1 Daemon Server] - 2026-08-01T08:29:17.826Z - Time taken for 'createNodes:merge' 0.5497500000055879ms
Time taken for 'build typescript dependencies' 0.49604199999998855ms
[isolated-plugin] shutting down worker for "nx/js/dependencies-and-lockfile" after createDependencies
[NX v23.1.1 Daemon Server] - 2026-08-01T08:29:17.830Z - [SYNC]: collect registered sync generators
[NX v23.1.1 Daemon Server] - 2026-08-01T08:29:17.830Z - [SYNC]: project graph hash is the same, not collecting task sync generators
[NX v23.1.1 Daemon Server] - 2026-08-01T08:29:17.830Z - [SYNC]: nx.json hash is the same, not collecting global sync generators
[NX v23.1.1 Daemon Server] - 2026-08-01T08:29:17.832Z - Wrote project graph cache to /Users/jaybell/WebstormProjects/jaybell.me/.nx/workspace-data/project-graph.json
[NX v23.1.1 Daemon Server] - 2026-08-01T08:29:17.832Z - Time taken for 'total execution time for createProjectGraph()' 4.012957999999344ms
[NX v23.1.1 Daemon Server] - 2026-08-01T08:29:17.832Z - Time taken for 'createDependencies' 3.3860419999982696ms
[NX v23.1.1 Daemon Server] - 2026-08-01T08:29:17.832Z - Time taken for 'nx/js/dependencies-and-lockfile:createDependencies' 3.327084000004106ms
[NX v23.1.1 Daemon Server] - 2026-08-01T08:29:17.832Z - Time taken for 'createMetadata' 0.007541999999375548ms
[NX v23.1.1 Daemon Server] - 2026-08-01T08:29:17.832Z - Time taken for 'serialize graph' 0.31791700000030687ms
[NX v23.1.1 Daemon Server] - 2026-08-01T08:29:17.832Z - Time taken for 'write cache' 2.017374999995809ms
DEBUG nx::native::watch::watcher: watching stopped origin=/Users/jaybell/WebstormProjects/jaybell.me
[NX v23.1.1 Daemon Server] - 2026-08-01T11:29:17.219Z - [WATCHER]: Stopping the watcher for /Users/jaybell/WebstormProjects/jaybell.me (sources)
DEBUG nx::native::watch::watcher: watching stopped origin=/Users/jaybell/WebstormProjects/jaybell.me
[NX v23.1.1 Daemon Server] - 2026-08-01T11:29:17.219Z - [WATCHER]: Stopping the watcher for /Users/jaybell/WebstormProjects/jaybell.me (outputs)
[NX v23.1.1 Daemon Server] - 2026-08-01T11:29:17.219Z - [LATEST-NX]: Cleaning up latest Nx installation from /private/tmp/tmp-29736-U9lEPsKWMQ66
[NX v23.1.1 Daemon Server] - 2026-08-01T11:29:17.219Z - Server stopped because: "10800000ms of inactivity"
